{
  "_id": "oTSDLBc43GOLjyM4",
  "name": "New Actor",
  "type": "character",
  "data": {
    "PLWARNabilityskill:": "",
    "powerLevel": 1,
    "powerPointBonus": 0,
    "biography": "And here is where I would write my backstory... IF I HAD ONE.",
    "attributes": {
      "level": {
        "value": 1
      }
    },
    "abilities": {
      "str": {
        "value": 0,
        "damage": 0,
        "absent": false,
        "temporary": 0,
        "_meta": {
          "name": "str",
          "displayName": "Strength",
          "defense": null
        },
        "_derived": {
          "totalNetBonus": 0,
          "relatedDefense": null,
          "benchmark": "Average adult"
        }
      },
      "dex": {
        "value": 0,
        "damage": 0,
        "absent": false,
        "temporary": 0,
        "_meta": {
          "name": "dex",
          "displayName": "Dexterity",
          "defense": null
        },
        "_derived": {
          "totalNetBonus": 0,
          "relatedDefense": null,
          "benchmark": "Average adult"
        }
      },
      "int": {
        "value": 0,
        "damage": 0,
        "absent": false,
        "temporary": 0,
        "_meta": {
          "name": "int",
          "displayName": "Intellect",
          "defense": null
        },
        "_derived": {
          "totalNetBonus": 0,
          "relatedDefense": null,
          "benchmark": "Average adult"
        }
      },
      "pre": {
        "value": 0,
        "damage": 0,
        "absent": false,
        "temporary": 0,
        "_meta": {
          "name": "pre",
          "displayName": "Presence",
          "defense": null
        },
        "_derived": {
          "totalNetBonus": 0,
          "relatedDefense": null,
          "benchmark": "Average adult"
        }
      },
      "fgt": {
        "value": 0,
        "damage": 0,
        "absent": false,
        "temporary": 0,
        "_meta": {
          "name": "fgt",
          "displayName": "Fighting",
          "defense": "parry"
        },
        "_derived": {
          "totalNetBonus": 0,
          "relatedDefense": {
            "value": 0,
            "damage": 0,
            "modifier": "fgt",
            "temporary": 0,
            "other": 0,
            "_meta": {
              "name": "parry",
              "displayName": "Parry",
              "ability": "fgt"
            },
            "_derived": {
              "abilityAbsent": false,
              "totalNetBonus": 0,
              "abilityBonus": 0,
              "isNonToughness": true,
              "valueMax": 2,
              "valueMin": 0,
              "temporaryMax": 2,
              "otherMax": 2
            }
          },
          "benchmark": "Average adult"
        }
      },
      "agl": {
        "value": 0,
        "damage": 0,
        "absent": false,
        "temporary": 0,
        "_meta": {
          "name": "agl",
          "displayName": "Agility",
          "defense": "dodge"
        },
        "_derived": {
          "totalNetBonus": 0,
          "relatedDefense": {
            "value": 0,
            "damage": 0,
            "modifier": "agl",
            "temporary": 0,
            "other": 0,
            "_meta": {
              "name": "dodge",
              "displayName": "Dodge",
              "ability": "agl"
            },
            "_derived": {
              "abilityAbsent": false,
              "totalNetBonus": 0,
              "abilityBonus": 0,
              "isNonToughness": true,
              "valueMax": 2,
              "valueMin": 0,
              "temporaryMax": 2,
              "otherMax": 2
            }
          },
          "benchmark": "Average adult"
        }
      },
      "awe": {
        "value": 0,
        "damage": 0,
        "absent": false,
        "temporary": 0,
        "_meta": {
          "name": "awe",
          "displayName": "Awareness",
          "defense": "will"
        },
        "_derived": {
          "totalNetBonus": 0,
          "relatedDefense": {
            "value": 0,
            "damage": 0,
            "modifier": "awe",
            "temporary": 0,
            "other": 0,
            "_meta": {
              "name": "will",
              "displayName": "Will",
              "ability": "awe"
            },
            "_derived": {
              "abilityAbsent": false,
              "totalNetBonus": 0,
              "abilityBonus": 0,
              "isNonToughness": true,
              "valueMax": 2,
              "valueMin": 0,
              "temporaryMax": 2,
              "otherMax": 2
            }
          },
          "benchmark": "Average adult"
        }
      },
      "sta": {
        "value": 0,
        "damage": 0,
        "absent": false,
        "temporary": 0,
        "_meta": {
          "name": "sta",
          "displayName": "Stamina",
          "defense": "fortitude"
        },
        "_derived": {
          "totalNetBonus": 0,
          "relatedDefense": {
            "value": 0,
            "damage": 0,
            "modifier": "sta",
            "temporary": 0,
            "other": 0,
            "_meta": {
              "name": "fortitude",
              "displayName": "Fortitude",
              "ability": "sta"
            },
            "_derived": {
              "abilityAbsent": false,
              "totalNetBonus": 0,
              "abilityBonus": 0,
              "isNonToughness": true,
              "valueMax": 2,
              "valueMin": 0,
              "temporaryMax": 2,
              "otherMax": 2
            }
          },
          "benchmark": "Average adult"
        }
      }
    },
    "defenses": {
      "dodge": {
        "value": 0,
        "damage": 0,
        "modifier": "agl",
        "temporary": 0,
        "other": 0,
        "_meta": {
          "name": "dodge",
          "displayName": "Dodge",
          "ability": "agl"
        },
        "_derived": {
          "abilityAbsent": false,
          "totalNetBonus": 0,
          "abilityBonus": 0,
          "isNonToughness": true,
          "valueMax": 2,
          "valueMin": 0,
          "temporaryMax": 2,
          "otherMax": 2
        }
      },
      "parry": {
        "value": 0,
        "damage": 0,
        "modifier": "fgt",
        "temporary": 0,
        "other": 0,
        "_meta": {
          "name": "parry",
          "displayName": "Parry",
          "ability": "fgt"
        },
        "_derived": {
          "abilityAbsent": false,
          "totalNetBonus": 0,
          "abilityBonus": 0,
          "isNonToughness": true,
          "valueMax": 2,
          "valueMin": 0,
          "temporaryMax": 2,
          "otherMax": 2
        }
      },
      "fortitude": {
        "value": 0,
        "damage": 0,
        "modifier": "sta",
        "temporary": 0,
        "other": 0,
        "_meta": {
          "name": "fortitude",
          "displayName": "Fortitude",
          "ability": "sta"
        },
        "_derived": {
          "abilityAbsent": false,
          "totalNetBonus": 0,
          "abilityBonus": 0,
          "isNonToughness": true,
          "valueMax": 2,
          "valueMin": 0,
          "temporaryMax": 2,
          "otherMax": 2
        }
      },
      "will": {
        "value": 0,
        "damage": 0,
        "modifier": "awe",
        "temporary": 0,
        "other": 0,
        "_meta": {
          "name": "will",
          "displayName": "Will",
          "ability": "awe"
        },
        "_derived": {
          "abilityAbsent": false,
          "totalNetBonus": 0,
          "abilityBonus": 0,
          "isNonToughness": true,
          "valueMax": 2,
          "valueMin": 0,
          "temporaryMax": 2,
          "otherMax": 2
        }
      },
      "toughness": {
        "value": 0,
        "damage": 0,
        "modifier": "sta",
        "temporary": 0,
        "other": 0,
        "_meta": {
          "name": "toughness",
          "displayName": "Toughness",
          "ability": "sta"
        },
        "_derived": {
          "abilityAbsent": false,
          "totalNetBonus": 0,
          "abilityBonus": 0,
          "isNonToughness": false,
          "valueMax": 2,
          "valueMin": 0,
          "temporaryMax": 2,
          "otherMax": 2
        }
      }
    },
    "skills": {
      "acrobatics": {
        "rank": 0,
        "modifier": "agl",
        "spec": "",
        "other": 0,
        "temporary": 0,
        "_meta": {
          "name": "acrobatics",
          "displayName": "Acrobatics",
          "ability": "agl",
          "untrained": false
        },
        "_derived": {
          "totalNetBonus": 0,
          "abilityBonus": 0,
          "maxRanks": 11,
          "minRanks": 0,
          "canUse": false,
          "cantUseMessage": "Untrained",
          "abilityAbsent": false
        }
      },
      "athletics": {
        "rank": 0,
        "modifier": "str",
        "spec": "",
        "other": 0,
        "temporary": 0,
        "_meta": {
          "name": "athletics",
          "displayName": "Athletics",
          "ability": "str",
          "untrained": true
        },
        "_derived": {
          "totalNetBonus": 0,
          "abilityBonus": 0,
          "maxRanks": 11,
          "minRanks": 0,
          "canUse": true,
          "cantUseMessage": null,
          "abilityAbsent": false
        }
      },
      "close_combat": {
        "rank": 0,
        "modifier": "fgt",
        "spec": "",
        "other": 0,
        "temporary": 0,
        "_meta": {
          "name": "close_combat",
          "displayName": "Close Combat",
          "ability": "fgt",
          "untrained": true
        },
        "_derived": {
          "totalNetBonus": 0,
          "abilityBonus": 0,
          "maxRanks": 11,
          "minRanks": 0,
          "canUse": true,
          "cantUseMessage": null,
          "abilityAbsent": false
        }
      },
      "deception": {
        "rank": 0,
        "modifier": "pre",
        "spec": "",
        "other": 0,
        "temporary": 0,
        "_meta": {
          "name": "deception",
          "displayName": "Deception",
          "ability": "pre",
          "untrained": true
        },
        "_derived": {
          "totalNetBonus": 0,
          "abilityBonus": 0,
          "maxRanks": 11,
          "minRanks": 0,
          "canUse": true,
          "cantUseMessage": null,
          "abilityAbsent": false
        }
      },
      "expertise": {
        "rank": 0,
        "modifier": "int",
        "spec": "",
        "fieldsOfExpertise": [
          {
            "_derived": {
              "totalNetBonus": 0,
              "abilityBonus": 0,
              "maxRanks": 11,
              "minRanks": 0,
              "canUse": false,
              "cantUseMessage": "Untrained",
              "abilityAbsent": false
            },
            "_meta": {
              "name": "expertise",
              "displayName": "Expertise: ",
              "ability": "int",
              "untrained": false
            },
            "name": "Test",
            "rank": 3,
            "other": 2,
            "temporary": 1
          }
        ],
        "_derived": {
          "countPlusOne": 2
        }
      },
      "insight": {
        "rank": 0,
        "modifier": "awe",
        "spec": "",
        "other": 0,
        "temporary": 0,
        "_meta": {
          "name": "insight",
          "displayName": "Insight",
          "ability": "awe",
          "untrained": true
        },
        "_derived": {
          "totalNetBonus": 0,
          "abilityBonus": 0,
          "maxRanks": 11,
          "minRanks": 0,
          "canUse": true,
          "cantUseMessage": null,
          "abilityAbsent": false
        }
      },
      "intimidation": {
        "rank": 0,
        "modifier": "pre",
        "spec": "",
        "other": 0,
        "temporary": 0,
        "_meta": {
          "name": "intimidation",
          "displayName": "Intimidation",
          "ability": "pre",
          "untrained": true
        },
        "_derived": {
          "totalNetBonus": 0,
          "abilityBonus": 0,
          "maxRanks": 11,
          "minRanks": 0,
          "canUse": true,
          "cantUseMessage": null,
          "abilityAbsent": false
        }
      },
      "investigation": {
        "rank": 0,
        "modifier": "int",
        "spec": "",
        "other": 0,
        "temporary": 0,
        "_meta": {
          "name": "investigation",
          "displayName": "Investigation",
          "ability": "int",
          "untrained": false
        },
        "_derived": {
          "totalNetBonus": 0,
          "abilityBonus": 0,
          "maxRanks": 11,
          "minRanks": 0,
          "canUse": false,
          "cantUseMessage": "Untrained",
          "abilityAbsent": false
        }
      },
      "perception": {
        "rank": 0,
        "modifier": "awe",
        "spec": "",
        "other": 0,
        "temporary": 0,
        "_meta": {
          "name": "perception",
          "displayName": "Perception",
          "ability": "awe",
          "untrained": true
        },
        "_derived": {
          "totalNetBonus": 0,
          "abilityBonus": 0,
          "maxRanks": 11,
          "minRanks": 0,
          "canUse": true,
          "cantUseMessage": null,
          "abilityAbsent": false
        }
      },
      "persuasion": {
        "rank": 0,
        "modifier": "pre",
        "spec": "",
        "other": 0,
        "temporary": 0,
        "_meta": {
          "name": "persuasion",
          "displayName": "Persuasion",
          "ability": "pre",
          "untrained": true
        },
        "_derived": {
          "totalNetBonus": 0,
          "abilityBonus": 0,
          "maxRanks": 11,
          "minRanks": 0,
          "canUse": true,
          "cantUseMessage": null,
          "abilityAbsent": false
        }
      },
      "ranged_combat": {
        "rank": 0,
        "modifier": "dex",
        "spec": "",
        "other": 0,
        "temporary": 0,
        "_meta": {
          "name": "ranged_combat",
          "displayName": "Ranged Combat",
          "ability": "dex",
          "untrained": true
        },
        "_derived": {
          "totalNetBonus": 0,
          "abilityBonus": 0,
          "maxRanks": 11,
          "minRanks": 0,
          "canUse": true,
          "cantUseMessage": null,
          "abilityAbsent": false
        }
      },
      "sleight_of_hand": {
        "rank": 0,
        "modifier": "dex",
        "spec": "",
        "other": 0,
        "temporary": 0,
        "_meta": {
          "name": "sleight_of_hand",
          "displayName": "Sleight of hand",
          "ability": "dex",
          "untrained": false
        },
        "_derived": {
          "totalNetBonus": 0,
          "abilityBonus": 0,
          "maxRanks": 11,
          "minRanks": 0,
          "canUse": false,
          "cantUseMessage": "Untrained",
          "abilityAbsent": false
        }
      },
      "stealth": {
        "rank": 0,
        "modifier": "agl",
        "spec": "",
        "other": 0,
        "temporary": 0,
        "_meta": {
          "name": "stealth",
          "displayName": "Stealth",
          "ability": "agl",
          "untrained": true
        },
        "_derived": {
          "totalNetBonus": 0,
          "abilityBonus": 0,
          "maxRanks": 11,
          "minRanks": 0,
          "canUse": true,
          "cantUseMessage": null,
          "abilityAbsent": false
        }
      },
      "technology": {
        "rank": 0,
        "modifier": "int",
        "spec": "",
        "other": 0,
        "temporary": 0,
        "_meta": {
          "name": "technology",
          "displayName": "Technology",
          "ability": "int",
          "untrained": false
        },
        "_derived": {
          "totalNetBonus": 0,
          "abilityBonus": 0,
          "maxRanks": 11,
          "minRanks": 0,
          "canUse": false,
          "cantUseMessage": "Untrained",
          "abilityAbsent": false
        }
      },
      "treatment": {
        "rank": 0,
        "modifier": "int",
        "spec": "",
        "other": 0,
        "temporary": 0,
        "_meta": {
          "name": "treatment",
          "displayName": "Treatment",
          "ability": "int",
          "untrained": false
        },
        "_derived": {
          "totalNetBonus": 0,
          "abilityBonus": 0,
          "maxRanks": 11,
          "minRanks": 0,
          "canUse": false,
          "cantUseMessage": "Untrained",
          "abilityAbsent": false
        }
      },
      "vehicles": {
        "rank": 0,
        "modifier": "dex",
        "spec": "",
        "other": 0,
        "temporary": 0,
        "_meta": {
          "name": "vehicles",
          "displayName": "Vehicles",
          "ability": "dex",
          "untrained": false
        },
        "_derived": {
          "totalNetBonus": 0,
          "abilityBonus": 0,
          "maxRanks": 11,
          "minRanks": 0,
          "canUse": false,
          "cantUseMessage": "Untrained",
          "abilityAbsent": false
        }
      }
    },
    "editMode": "level-up",
    "PLWARNabilityskill": "None.",
    "_derived": {
      "editModeTemporary": false,
      "editModeLevelUp": true,
      "totalPowerPointsSpent": 0,
      "totalPowerPointsForLevel": 15,
      "totalNetPowerPoints": 15,
      "doubledPowerLevel": 2,
      "dodgeToughnessTooHigh": false,
      "parryToughnessTooHigh": false,
      "willFortitudeTooHigh": false
    }
  },
  "sort": 100001,
  "flags": {
    "exportSource": {
      "world": "test",
      "system": "mnm3e",
      "coreVersion": "0.6.5",
      "systemVersion": "1.0.3"
    }
  },
  "token": {
    "flags": {},
    "name": "New Actor",
    "displayName": 0,
    "img": "icons/svg/mystery-man.svg",
    "tint": null,
    "width": 1,
    "height": 1,
    "scale": 1,
    "lockRotation": false,
    "rotation": 0,
    "vision": false,
    "dimSight": 0,
    "brightSight": 0,
    "dimLight": 0,
    "brightLight": 0,
    "sightAngle": 360,
    "lightAngle": 360,
    "lightAlpha": 1,
    "actorId": "oTSDLBc43GOLjyM4",
    "actorLink": false,
    "actorData": {},
    "disposition": -1,
    "displayBars": 0,
    "bar1": {
      "attribute": "defenses.toughness.damage"
    },
    "bar2": {},
    "randomImg": false
  },
  "items": [],
  "img": "icons/svg/mystery-man.svg"
}