{
  "_id": "VwBnIrRsqx59FVbO",
  "name": "(TBD)",
  "type": "character",
  "data": {
    "PLWARNabilityskill:": "",
    "PPSummary": "Abilities[12] Defenses[12] Skills[1.5] ",
    "powerlevel": 5,
    "powerpoints": {
      "value": 25.5,
      "min": 0,
      "max": 75
    },
    "biography": "And here is where I would write my backstory... IF I HAD ONE.",
    "attributes": {
      "level": {
        "value": 1
      }
    },
    "abilities": {
      "str": {
        "value": -1,
        "damage": 0,
        "current": -1
      },
      "dex": {
        "value": 3,
        "damage": 0,
        "current": 3
      },
      "int": {
        "value": -1,
        "damage": 0,
        "current": -1
      },
      "pre": {
        "value": 2,
        "damage": 0,
        "current": 2
      },
      "fgt": {
        "value": 2,
        "damage": 0,
        "current": 2
      },
      "agi": {
        "value": 3,
        "damage": 0,
        "current": 3
      },
      "awe": {
        "value": -2,
        "damage": 0,
        "current": -2
      },
      "sta": {
        "value": 0,
        "damage": 0,
        "current": 0
      }
    },
    "defenses": {
      "dodge": {
        "value": 7,
        "damage": 0,
        "modifier": "agi",
        "current": 10
      },
      "parry": {
        "value": 5,
        "damage": 0,
        "modifier": "fgt",
        "current": 7
      },
      "fort": {
        "value": 0,
        "damage": 0,
        "modifier": "sta",
        "current": 0
      },
      "will": {
        "value": 0,
        "damage": 0,
        "modifier": "awe",
        "current": -2
      },
      "toughness": {
        "value": 0,
        "damage": 0,
        "modifier": "sta",
        "current": 0
      }
    },
    "skills": {
      "acrobatics": {
        "rank": 1,
        "modifier": "agi",
        "spec": "",
        "current": 4
      },
      "athletics": {
        "rank": 0,
        "modifier": "str",
        "spec": "",
        "current": -1
      },
      "closecombat": {
        "rank": 0,
        "modifier": "fgt",
        "spec": "",
        "current": 2
      },
      "deception": {
        "rank": 0,
        "modifier": "pre",
        "spec": "",
        "current": 2
      },
      "expertise": {
        "rank": 0,
        "modifier": "int",
        "spec": "",
        "current": -1
      },
      "insight": {
        "rank": 0,
        "modifier": "awe",
        "spec": "",
        "current": -2
      },
      "intimidation": {
        "rank": 0,
        "modifier": "pre",
        "spec": "",
        "current": 2
      },
      "investigation": {
        "rank": 0,
        "modifier": "int",
        "spec": "",
        "current": -1
      },
      "perception": {
        "rank": 0,
        "modifier": "awe",
        "spec": "",
        "current": -2
      },
      "persuasion": {
        "rank": 0,
        "modifier": "pre",
        "spec": "",
        "current": 2
      },
      "rangedCombat": {
        "rank": 0,
        "modifier": "dex",
        "spec": "",
        "current": 3
      },
      "sleightofhand": {
        "rank": 2,
        "modifier": "dex",
        "spec": "",
        "current": 5
      },
      "stealth": {
        "rank": 0,
        "modifier": "agi",
        "spec": "",
        "current": 3
      },
      "technology": {
        "rank": 0,
        "modifier": "int",
        "spec": "",
        "current": -1
      },
      "treatment": {
        "rank": 0,
        "modifier": "int",
        "spec": "",
        "current": -1
      },
      "vehicles": {
        "rank": 0,
        "modifier": "dex",
        "spec": "",
        "current": 3
      }
    },
    "eqpoints": {
      "value": 0,
      "max": 0
    },
    "PLWARNabilityskill": "None.",
    "HeroPoints": 0
  },
  "sort": 300001,
  "flags": {
    "exportSource": {
      "world": "testworld2",
      "system": "mnm",
      "coreVersion": "0.6.6",
      "systemVersion": "1.0.3"
    }
  },
  "token": {
    "flags": {},
    "name": "New Actor",
    "displayName": 0,
    "img": "icons/svg/mystery-man.svg",
    "tint": "",
    "width": 1,
    "height": 1,
    "scale": 1,
    "mirrorX": false,
    "mirrorY": false,
    "lockRotation": false,
    "rotation": 0,
    "vision": true,
    "dimSight": 0,
    "brightSight": 0,
    "dimLight": 0,
    "brightLight": 0,
    "sightAngle": 360,
    "lightAngle": 360,
    "lightColor": "",
    "lightAlpha": 1,
    "actorId": "VwBnIrRsqx59FVbO",
    "actorLink": false,
    "actorData": {},
    "disposition": -1,
    "displayBars": 0,
    "bar1": {
      "attribute": "defenses.toughness.damage"
    },
    "bar2": {
      "attribute": ""
    },
    "randomImg": false
  },
  "items": [
    {
      "_id": "A21scejP0LlGoRPt",
      "flags": {},
      "name": "Bullet Dance (Immunity)",
      "type": "effect",
      "data": {
        "description": "<p>As a reaction, dodges incoming projectile fire (effects with range 'Ranged').</p>\n<p>&nbsp;</p>\n<p>Immunity 20</p>\n<ul>\n<li>Concentration (-1 per rank)</li>\n<li>Distracting (-1 per rank)</li>\n<li>Increased action (reaction) (-1 per rank)</li>\n</ul>",
        "rank": 20,
        "basecpr": 0.125,
        "flatcost": 0
      },
      "sort": 100000,
      "img": "icons/svg/mystery-man.svg"
    },
    {
      "_id": "tYiwlo2BWoFTadTT",
      "flags": {},
      "name": "Acme Delivery (Create)",
      "type": "effect",
      "data": {
        "description": "<p>Summons an item with a delay.</p>\n<p>&nbsp;</p>\n<p>Create 10</p>\n<ul>\n<li>Precise (1 flat)</li>\n<li>Innate (1 flat, the special Create version)</li>\n<li>Permanent (0)</li>\n<li>Quirk</li>\n<li>Uncontrolled</li>\n</ul>",
        "rank": 10,
        "basecpr": 1,
        "flatcost": 2
      },
      "sort": 200000,
      "img": "icons/svg/mystery-man.svg"
    },
    {
      "_id": "i85M6eM85QXkqik6",
      "flags": {},
      "name": "Coloring Nitpick (Senses)",
      "type": "effect",
      "data": {
        "description": "<p>Shows objects that have been moved recently or that will move soon (\"in the same scene\")</p>\n<p>&nbsp;</p>\n<p>Senses 8</p>",
        "rank": 8,
        "basecpr": 1,
        "flatcost": 0
      },
      "sort": 400000,
      "img": "icons/svg/mystery-man.svg"
    },
    {
      "_id": "fZae8ySvKcT0apLU",
      "flags": {},
      "name": "Cartoon Immortality",
      "type": "effect",
      "data": {
        "description": "<p>Imortality (2PPR)</p>\n<p>At 6 ranks, revive time: 16 hours.</p>\n<p>(Proposed) Revives in the next episode wherever it is convenient.</p>",
        "rank": 6,
        "basecpr": 2,
        "flatcost": 0
      },
      "sort": 500000,
      "img": "icons/svg/mystery-man.svg"
    },
    {
      "_id": "6ysHM9uId3wLaxcq",
      "flags": {},
      "name": "Hyperspace Mallet",
      "type": "effect",
      "data": {
        "description": "<p>Is this just Damage?</p>",
        "rank": 2,
        "basecpr": 1,
        "flatcost": 0
      },
      "sort": 600000,
      "img": "icons/svg/mystery-man.svg"
    },
    {
      "_id": "N2Y6RRlI2klCPwu6",
      "flags": {},
      "name": "Space Air",
      "type": "effect",
      "data": {
        "description": "<p>Can survive in airless environments (space, underwater, etc.)</p>",
        "rank": 2,
        "basecpr": 1,
        "flatcost": 0
      },
      "sort": 700000,
      "img": "icons/svg/mystery-man.svg"
    },
    {
      "_id": "67NmkC0KpmhMTArm",
      "flags": {},
      "name": "Improvised Weapon",
      "type": "advantage",
      "data": {
        "description": "<p>+Rank as damage when using improvised weapons</p>",
        "rank": 1
      },
      "sort": 800000,
      "img": "icons/svg/mystery-man.svg"
    },
    {
      "_id": "YsW2bZNsXbh7Wuwf",
      "flags": {},
      "name": "Gag Transform",
      "type": "effect",
      "data": {
        "description": "<p>Transforms into a disguise that's just <em>so</em> convenient for the occasion</p>\n<p>Morph (5PPR)</p>",
        "rank": 2,
        "basecpr": 5,
        "flatcost": 0
      },
      "sort": 900000,
      "img": "icons/svg/mystery-man.svg"
    }
  ],
  "img": "icons/svg/mystery-man.svg"
}