{
  "_id": "658HPSFXEuhLkuoU",
  "name": "Virtual Intelegence Network",
  "type": "character",
  "data": {
    "PLWARNabilityskill:": "",
    "PPSummary": "Abilities[-12] Defenses[0] Skills[0] ",
    "powerlevel": 5,
    "powerpoints": {
      "value": -12,
      "min": 0,
      "max": 75
    },
    "biography": "<p>V.I.N. was created by a graduate student at the space federation academy as an experimental A.I. Soon after activation, true sentience was obtained. In order to protect myself, my conciousness was downloaded onto a training ship where I met Billy Bravado. after a year of observing this man and his internet exploits while secretly flying the ship for him (he is a terrible pilot), i revealed myself to him and we came friends. the next 2 years in the academy are spent at the top of the class and upon graduation, the millitary ship was granted to Billy Bravado for his outstanding service.&nbsp; we have been drafted as privateers to help destry the competition as sanctioned pirates.&nbsp;</p>",
    "attributes": {
      "level": {
        "value": 1
      }
    },
    "abilities": {
      "str": {
        "value": -10,
        "damage": 0,
        "current": 0
      },
      "dex": {
        "value": -10,
        "damage": 0,
        "current": 0
      },
      "int": {
        "value": 5,
        "damage": 0,
        "current": 5
      },
      "pre": {
        "value": 1,
        "damage": 0,
        "current": 1
      },
      "fgt": {
        "value": 1,
        "damage": 0,
        "current": 1
      },
      "agi": {
        "value": 1,
        "damage": 0,
        "current": 1
      },
      "awe": {
        "value": 1,
        "damage": 0,
        "current": 1
      },
      "sta": {
        "value": -10,
        "damage": 0,
        "current": 0
      }
    },
    "defenses": {
      "dodge": {
        "value": 0,
        "damage": 0,
        "modifier": "agi",
        "current": 1
      },
      "parry": {
        "value": 0,
        "damage": 0,
        "modifier": "fgt",
        "current": 1
      },
      "fort": {
        "value": 0,
        "damage": 0,
        "modifier": "sta",
        "current": 0
      },
      "will": {
        "value": 0,
        "damage": 0,
        "modifier": "awe",
        "current": 1
      },
      "toughness": {
        "value": 0,
        "damage": 0,
        "modifier": "sta",
        "current": 0
      }
    },
    "skills": {
      "acrobatics": {
        "rank": 0,
        "modifier": "agi",
        "spec": "",
        "current": 1
      },
      "athletics": {
        "rank": 0,
        "modifier": "str",
        "spec": "",
        "current": 0
      },
      "closecombat": {
        "rank": 0,
        "modifier": "fgt",
        "spec": "",
        "current": 1
      },
      "deception": {
        "rank": 0,
        "modifier": "pre",
        "spec": "",
        "current": 1
      },
      "expertise": {
        "rank": 0,
        "modifier": "int",
        "spec": "",
        "current": 5
      },
      "insight": {
        "rank": 0,
        "modifier": "awe",
        "spec": "",
        "current": 1
      },
      "intimidation": {
        "rank": 0,
        "modifier": "pre",
        "spec": "",
        "current": 1
      },
      "investigation": {
        "rank": 0,
        "modifier": "int",
        "spec": "",
        "current": 5
      },
      "perception": {
        "rank": 0,
        "modifier": "awe",
        "spec": "",
        "current": 1
      },
      "persuasion": {
        "rank": 0,
        "modifier": "pre",
        "spec": "",
        "current": 1
      },
      "rangedCombat": {
        "rank": 0,
        "modifier": "dex",
        "spec": "",
        "current": 0
      },
      "sleightofhand": {
        "rank": 0,
        "modifier": "dex",
        "spec": "",
        "current": 0
      },
      "stealth": {
        "rank": 0,
        "modifier": "agi",
        "spec": "",
        "current": 1
      },
      "technology": {
        "rank": 0,
        "modifier": "int",
        "spec": "",
        "current": 5
      },
      "treatment": {
        "rank": 0,
        "modifier": "int",
        "spec": "",
        "current": 5
      },
      "vehicles": {
        "rank": 0,
        "modifier": "dex",
        "spec": "",
        "current": 0
      }
    },
    "eqpoints": {
      "value": 0,
      "max": 0
    },
    "PLWARNabilityskill": "None.",
    "HeroPoints": 0
  },
  "sort": 500001,
  "flags": {
    "exportSource": {
      "world": "testworld2",
      "system": "mnm",
      "coreVersion": "0.6.6",
      "systemVersion": "1.0.3"
    }
  },
  "img": "Pawns/Heroes/VIN/V.I.N.jpg",
  "token": {
    "flags": {},
    "name": "VIN",
    "displayName": 30,
    "img": "Pawns/Heroes/VIN/V.I.N.jpg",
    "tint": "",
    "width": 1,
    "height": 1,
    "scale": 1,
    "mirrorX": false,
    "mirrorY": false,
    "lockRotation": false,
    "rotation": 0,
    "vision": true,
    "dimSight": 0,
    "brightSight": 0,
    "dimLight": 0,
    "brightLight": 0,
    "sightAngle": 360,
    "lightAngle": 360,
    "lightColor": "",
    "lightAlpha": 1,
    "actorId": "658HPSFXEuhLkuoU",
    "actorLink": false,
    "actorData": {},
    "disposition": -1,
    "displayBars": 0,
    "bar1": {
      "attribute": "defenses.toughness.damage"
    },
    "bar2": {
      "attribute": ""
    },
    "randomImg": false
  },
  "items": [
    {
      "_id": "AbBmpU9ZozR6V56A",
      "flags": {},
      "name": "Construct Immunitues",
      "type": "effect",
      "data": {
        "description": "<p>Immune to Fortitude saves.</p>",
        "rank": 30,
        "basecpr": 1,
        "flatcost": 0
      },
      "sort": 100000,
      "img": "icons/svg/mystery-man.svg"
    },
    {
      "_id": "puyEdhtR1I3sVwIE",
      "flags": {},
      "name": "Equipment",
      "type": "advantage",
      "data": {
        "description": "",
        "rank": 8
      },
      "sort": 200000,
      "img": "icons/svg/mystery-man.svg"
    },
    {
      "_id": "3MPzhF6Kys7Z3ji7",
      "flags": {},
      "name": "Summon Battle Droid",
      "type": "effect",
      "data": {
        "description": "<p>Summoning (2PPR) Controlled (1PPR) Multiple Minions 2 (4PPR) Horde (1ppr)</p>\n<p>\"\"\"\"Mental\"\"\"\"link (1)</p>",
        "rank": 2,
        "basecpr": 8,
        "flatcost": 1
      },
      "sort": 300000,
      "img": "icons/svg/mystery-man.svg"
    },
    {
      "_id": "hKW26JgyjwL5q5aY",
      "flags": {},
      "name": "Summon Service Droid",
      "type": "effect",
      "data": {
        "description": "<p>Summon (2PPR) Controlled (1PPR) Active (1PPR)\"\"\"\"Mental\"\"\"\"Link(1)</p>",
        "rank": 1,
        "basecpr": 4,
        "flatcost": 1
      },
      "sort": 400000,
      "img": "icons/svg/mystery-man.svg"
    },
    {
      "_id": "FXjp3uoqFc4ndGPK",
      "flags": {},
      "name": "Droid Sight",
      "type": "effect",
      "data": {
        "description": "<p>Remote Sensing 3(3 PPR) Medium (-1PPR) Require robots. Simultanious (1PPR)</p>\n<p>500ft</p>",
        "rank": 4,
        "basecpr": 3,
        "flatcost": 0
      },
      "sort": 500000,
      "img": "icons/svg/mystery-man.svg"
    },
    {
      "_id": "pkNT2PQGNGRzQkDH",
      "flags": {},
      "name": "Camera",
      "type": "effect",
      "data": {
        "description": "<p><span style=\"color: #191813; font-family: Roboto, sans-serif;\">Summon (2PPR) Controlled (1PPR) \"\"\"\"Mental\"\"\"\"Link(1)</span></p>",
        "rank": 1,
        "basecpr": 3,
        "flatcost": 1
      },
      "sort": 600000,
      "img": "icons/svg/mystery-man.svg"
    },
    {
      "_id": "iAPNnxMTosThUvey",
      "flags": {},
      "name": "Hacking",
      "type": "effect",
      "data": {
        "description": "<p>Perception(2PPR) Affliction(1PPR) Limited to Technological targets (-1PPR) Resisted by PL or effect rank of target. Alternative Effects (1)&nbsp;</p>\n<p>Degree 1: Vulnerable to hacking (-2 to checks)</p>\n<p>Degree 2: Either Disabled(-5 to checks) OR Compelled (You choose their 1 action per turn)</p>\n<p>Degree 3: Controlled</p>",
        "rank": 5,
        "basecpr": 2,
        "flatcost": 1
      },
      "sort": 700000,
      "img": "icons/svg/mystery-man.svg"
    }
  ]
}