{
  "name": "mnm3e",
  "title": "Mutants & Masterminds",
  "description": "Mutants & Masterminds 3rd Edition implementation for Foundry VTT. Very WIP.",
  "version": "0.0.1",
  "minimumCoreVersion": "0.5.5",
  "compatibleCoreVersion": "0.5.5",
  "templateVersion": 2,
  "author": "Doug Richardson & Matt Szekely",
  "styles": ["module/mnm.css"],
  "scripts": ["module/main.js"],
  "packs": [],
  "languages": [
    {
      "lang": "en",
      "name": "English",
      "path": "lang/en.json"
    }
  ],
  "gridDistance": 5,
  "gridUnits": "ft",
  "primaryTokenAttribute": null,
  "secondaryTokenAttribute": null,
  "url": "",
  "manifest": "",
  "download": "",
  "license": "LICENSE.txt"
}
