{
    "Actor": {
        "types": [
            "character"
        ],
        "character": {
            "confirmedVersion": 2,
            "biography": "And here is where I would write my backstory... IF I HAD ONE.",
            "editMode": "level-up",
            "powerLevel": 1,
            "powerPoints": 15,
            "heroPoints": 0,
            "abilities": {
                "str": {
                    "ranks": 0,
                    "temporary": 0,
                    "absent": false
                },
                "sta": {
                    "ranks": 0,
                    "temporary": 0,
                    "absent": false
                },
                "agl": {
                    "ranks": 0,
                    "temporary": 0,
                    "absent": false
                },
                "dex": {
                    "ranks": 0,
                    "temporary": 0,
                    "absent": false
                },
                "fgt": {
                    "ranks": 0,
                    "temporary": 0,
                    "absent": false
                },
                "int": {
                    "ranks": 0,
                    "temporary": 0,
                    "absent": false
                },
                "awe": {
                    "ranks": 0,
                    "temporary": 0,
                    "absent": false
                },
                "pre": {
                    "ranks": 0,
                    "temporary": 0,
                    "absent": false
                }
            },
            "defenses": {
                "dodge": {
                    "ranks": 0,
                    "temporary": 0,
                    "other": 0
                },
                "parry": {
                    "ranks": 0,
                    "temporary": 0,
                    "other": 0
                },
                "fortitude": {
                    "ranks": 0,
                    "temporary": 0,
                    "other": 0
                },
                "toughness": {
                    "ranks": 0,
                    "temporary": 0,
                    "other": 0
                },
                "will": {
                    "ranks": 0,
                    "temporary": 0,
                    "other": 0
                }
            },
            "skills": {
                "acrobatics": {
                    "ranks": 0,
                    "temporary": 0,
                    "other": 0
                },
                "athletics": {
                    "ranks": 0,
                    "temporary": 0,
                    "other": 0
                },
                "close_combat": {
                    "subtypes": {
                        "0": {
                            "name": "",
                            "other": 0,
                            "ranks": 0,
                            "temporary": 0,
                            "rollFlavorText": null
                        }
                    },
                    "subtypeCount": 1
                },
                "deception": {
                    "ranks": 0,
                    "temporary": 0,
                    "other": 0
                },
                "expertise": {
                    "subtypes": {
                        "0": {
                            "name": "",
                            "other": 0,
                            "ranks": 0,
                            "temporary": 0,
                            "rollFlavorText": null
                        }
                    },
                    "subtypeCount": 1
                },
                "insight": {
                    "ranks": 0,
                    "temporary": 0,
                    "other": 0
                },
                "intimidation": {
                    "ranks": 0,
                    "temporary": 0,
                    "other": 0
                },
                "investigation": {
                    "ranks": 0,
                    "temporary": 0,
                    "other": 0
                },
                "perception": {
                    "ranks": 0,
                    "temporary": 0,
                    "other": 0
                },
                "persuasion": {
                    "ranks": 0,
                    "temporary": 0,
                    "other": 0
                },
                "ranged_combat": {
                    "subtypes": {
                        "0": {
                            "name": "",
                            "other": 0,
                            "ranks": 0,
                            "temporary": 0,
                            "rollFlavorText": null
                        }
                    },
                    "subtypeCount": 1
                },
                "sleight_of_hand": {
                    "ranks": 0,
                    "temporary": 0,
                    "other": 0
                },
                "stealth": {
                    "ranks": 0,
                    "temporary": 0,
                    "other": 0
                },
                "technology": {
                    "ranks": 0,
                    "temporary": 0,
                    "other": 0
                },
                "treatment": {
                    "ranks": 0,
                    "temporary": 0,
                    "other": 0
                },
                "vehicles": {
                    "ranks": 0,
                    "temporary": 0,
                    "other": 0
                }
            }
        }
    },
    "Item": {
        "types": [
            "advantage",
            "effect",
            "equipmenteffect"
        ],
        "advantage": {
            "confirmedVersion": 2,
            "isCustom": false,
            "summary": "(Advantage summary)",
            "description": "(Advantage description)",
            "ranked": false,
            "ranks": 1,
            "maxRanks": null,
            "category": "general"
        },
        "equipmenteffect": {
            "confirmedVersion": 1,
            "rank": 0,
            "basecpr": 0,
            "flatcost": 0,
            "description": "",
            "resistances": {
                "damage": false,
                "dodge": false,
                "parry": false,
                "toughness": false,
                "will": false,
                "fortitude": false
              }
        },
        "effect": {
            "confirmedVersion": 1,
            "rank": 0,
            "basecpr": 0,
            "flatcost": 0,
            "description": "",
            "resistances": {
                "damage": false,
                "dodge": false,
                "parry": false,
                "toughness": false,
                "will": false,
                "fortitude": false
              }
        }
    }
}