{
  "Actor": {
    "types": ["character"],
    "templates": {
      "base": {
        "PLWARNabilityskill:" : "",
        "PPSummary": "",
        "HeroPoints": 0,
        "powerlevel" : 1,
        "powerpoints": {
          "value": 0,
          "min": 0,
          "max": 10
        },
        "eqpoints": {
          "value": 0,
          "min": 0,
          "max": 10
        }
      }
    },
    "character": {
      "templates": ["base"],
      "biography": "And here is where I would write my backstory... IF I HAD ONE.",
      "attributes": {
        "level": {
          "value": 1
        }
      },
      "abilities": {
        "str": {
          "value": 0,
          "damage": 0
        },
        "dex": {
          "value": 0,
          "damage": 0
        },
        "int": {
          "value": 0,
          "damage": 0
        },
        "pre": {
          "value": 0,
          "damage": 0
        },
        "fgt":{
          "value":0,
          "damage": 0
        },        
        "agi": {
          "value": 0,
          "damage": 0
        },
        "awe": {
          "value": 0,
          "damage": 0
        },
        "sta": {
          "value": 0,
          "damage": 0
        }
      },
      "defenses": {
        "dodge": {
          "value": 0,
          "damage": 0,
          "modifier" : "agi"
        },
        "parry": {
          "value": 0,
          "damage": 0,
          "modifier" : "fgt"
        },
        "fort": {
          "value": 0,
          "damage": 0,
          "modifier" : "sta"
        },
        "will": {
          "value": 0,
          "damage": 0,
          "modifier" : "awe"
        },
        "toughness": {
          "value": 0,
          "damage": 0,
          "modifier" : "sta"
        }
      },
      "skills":{
        "acrobatics" :
        {
          "rank" : 0,
          "modifier" : "agi",
          "spec" : ""
        },
        "athletics" :
        {
          "rank" : 0,
          "modifier" : "str",
          "spec" : ""
        },
        "closecombat" :
        {
          "rank" : 0,
          "modifier" : "fgt",
          "spec" : ""
        },
        "deception" :
        {
          "rank" : 0,
          "modifier" : "pre",
          "spec" : ""
        },
        "expertise" :
        {
          "rank" : 0,
          "modifier" : "int",
          "spec" : ""
        },
        "insight" :
        {
          "rank" : 0,
          "modifier" : "awe",
          "spec" : ""
        },
        "intimidation" :
        {
          "rank" : 0,
          "modifier" : "pre",
          "spec" : ""
        },
        "investigation" :
        {
          "rank" : 0,
          "modifier" : "int",
          "spec" : ""
        },
        "perception" :
        {
          "rank" : 0,
          "modifier" : "awe",
          "spec" : ""
        },
        "persuasion" :
        {
          "rank" : 0,
          "modifier" : "pre",
          "spec" : ""
        },
        "rangedCombat" :
        {
          "rank" : 0,
          "modifier" : "dex",
          "spec" : ""
        },
        "sleightofhand" :
        {
          "rank" : 0,
          "modifier" : "dex",
          "spec" : ""
        },
        "stealth" :
        {
          "rank" : 0,
          "modifier" : "agi",
          "spec" : ""
        },
        "technology" :
        {
          "rank" : 0,
          "modifier" : "int",
          "spec" : ""
        },
        "treatment" :
        {
          "rank" : 0,
          "modifier" : "int",
          "spec" : ""
        },
        "vehicles" :
        {
          "rank" : 0,
          "modifier" : "dex",
          "spec" : ""
        }
      }
    }
  },
  "Item": {
    "types": ["advantage", "effect","equipmenteffect"],
    "templates": {
      "base": {
        "description": ""
      }
    },
    "advantage": {
      "templates": ["base"],
      "rank" : 1
    },
    "effect": {
      "templates": ["base"],
      "rank" : 0,
      "basecpr" : 0,
      "flatcost" : 0,
      "description" : ""
    },
    "equipmenteffect": {
      "templates": ["base"],
      "rank" : 0,
      "basecpr" : 0,
      "flatcost" : 0,
      "description" : ""
    }
  }
}
