{
  "_id": "xkQTaOSif2Yd2yXg",
  "name": "Agile Feint",
  "type": "advantage",
  "data": {
    "summary": "Feint using Acrobatics skill or Speed rank",
    "ranked": false,
    "rank": null,
    "description": "<p>You can use your Acrobatics bonus or movement speed rank in place of Deception to feint and trick in combat as if your skill bonus or speed rank were your Deception bonus. Your opponent opposes the attempt with Acrobatics or Insight (whichever is better).</p>",
    "categories": {
      "general": false,
      "skill": true,
      "combat": false,
      "fortune": false
    },
    "isOwned": false
  },
  "sort": 100000,
  "flags": {
    "exportSource": {
      "world": "test",
      "system": "mnm2",
      "coreVersion": "0.6.5",
      "systemVersion": "1.0.3"
    }
  },
  "img": "systems/mnm2/icons/advantage.png"
}