{
  "_id": "JJq6RYCOjYInlvpi",
  "name": "Chokehold",
  "type": "advantage",
  "data": {
    "summary": "Suffocate an opponent you have successfully grabbed.",
    "ranked": false,
    "rank": null,
    "description": "<p>If you successfully grab and restrain an opponent (see <strong><a href=\"https://www.d20herosrd.com/9-gamemastering/8-action-adventure#TOC-GRAB-STANDARD-ACTION\">Grab</a></strong>), you can apply a chokehold, causing your opponent to begin suffocating for as long as you continue to restrain your target (see <strong><a href=\"https://www.d20herosrd.com/9-gamemastering/8-action-adventure#TOC-SUFFOCATION\">Suffocation</a></strong>).</p>",
    "categories": {
      "combat": true,
      "general": false,
      "skill": false,
      "fortune": false
    },
    "isOwned": false
  },
  "sort": 900000,
  "flags": {
    "exportSource": {
      "world": "test",
      "system": "mnm2",
      "coreVersion": "0.6.5",
      "systemVersion": "1.0.3"
    }
  },
  "img": "systems/mnm2/icons/advantage.png"
}