{
  "_id": "Hz4kd1GbUAou9MyA",
  "name": "Contacts",
  "type": "advantage",
  "data": {
    "summary": "Make an initial Investigation check in one minute.",
    "ranked": false,
    "rank": null,
    "description": "<p>You have such extensive and well-informed contacts you can make an <a href=\"https://www.d20herosrd.com/4-skills#TOC-INVESTIGATION\">Investigation</a> check to gather information in only one minute, assuming you have some means of getting in touch with your contacts. Further <a href=\"https://www.d20herosrd.com/4-skills#TOC-INVESTIGATION\">Investigation</a> checks to gather information on the same subject require the normal length of time, since you must go beyond your immediate network of contacts.</p>",
    "categories": {
      "skill": true,
      "general": false,
      "combat": false,
      "fortune": false
    },
    "isOwned": false
  },
  "sort": 1200000,
  "flags": {
    "exportSource": {
      "world": "test",
      "system": "mnm2",
      "coreVersion": "0.6.5",
      "systemVersion": "1.0.3"
    }
  },
  "img": "systems/mnm2/icons/advantage.png"
}