{
  "_id": "yU7oglaeeD6pBVca",
  "name": "Equipment",
  "type": "advantage",
  "data": {
    "summary": "5 points of equipment per rank.",
    "ranked": true,
    "rank": 1,
    "maxRanks": null,
    "categories": {
      "general": true,
      "skill": false,
      "combat": false,
      "fortune": false
    },
    "description": "<p>You have 5 points per rank in this advantage to spend on equipment. This includes vehicles and headquarters. See <a href=\"https://www.d20herosrd.com/7-gadgets-gear\">Gadgets &amp; Gear</a> for details on equipment and its costs. Many heroes rely almost solely on <a href=\"https://www.d20herosrd.com/5-advantages#TOC-EQUIPMENT-GENERAL-RANKED-\">Equipment</a> in conjunction with their skills and other advantages.</p>",
    "isOwned": false
  },
  "sort": 1800000,
  "flags": {
    "exportSource": {
      "world": "test",
      "system": "mnm2",
      "coreVersion": "0.6.5",
      "systemVersion": "1.0.3"
    }
  },
  "img": "systems/mnm2/icons/advantage.png"
}