{
  "_id": "thDQ7vXomJDyjUtK",
  "name": "Jack-of-All-Trades",
  "type": "advantage",
  "data": {
    "summary": "Use any skill untrained.",
    "ranked": false,
    "rank": null,
    "description": "<p>You can use any skill untrained, even skills or aspects of skills that normally cannot be used untrained, although you must still have proper tools if the skill requires them.</p>",
    "categories": {
      "general": false,
      "skill": true,
      "combat": false,
      "fortune": false
    },
    "isOwned": false
  },
  "sort": 4100000,
  "flags": {
    "exportSource": {
      "world": "test",
      "system": "mnm2",
      "coreVersion": "0.6.5",
      "systemVersion": "1.0.3"
    }
  },
  "img": "systems/mnm2/icons/advantage.png"
}