{
  "_id": "aSGaXI2tM2YGf9PI",
  "name": "Leadership",
  "type": "advantage",
  "data": {
    "summary": "Spend a hero point to remove a condition from an ally.",
    "ranked": false,
    "rank": null,
    "categories": {
      "fortune": true,
      "general": false,
      "skill": false,
      "combat": false
    },
    "description": "<p>Your presence reassures and lends courage to your allies. As a standard action, you can spend a Victory point to remove one of the following conditions from an ally with whom you can interact: dazed, fatigued, or stunned.</p>",
    "isOwned": false
  },
  "sort": 4300000,
  "flags": {
    "exportSource": {
      "world": "test",
      "system": "mnm2",
      "coreVersion": "0.6.5",
      "systemVersion": "1.0.3"
    }
  },
  "img": "systems/mnm2/icons/advantage.png"
}