{
  "_id": "j8tZRgIN7M8jcKmh",
  "name": "Power Attack",
  "type": "advantage",
  "data": {
    "summary": "Trade attack bonus for effect bonus.",
    "ranked": false,
    "rank": null,
    "description": "<p>When you make a power attack (see <strong><a href=\"https://www.d20herosrd.com/9-gamemastering/8-action-adventure#TOC-MANEUVERS\">Maneuvers</a></strong>) you can take a penalty of up to &ndash;5 on your attack bonus and add the same number (up to +5) to the effect bonus of your attack.</p>",
    "categories": {
      "combat": true,
      "general": false,
      "skill": false,
      "fortune": false
    },
    "maxRanks": null,
    "isOwned": false
  },
  "sort": 4900000,
  "flags": {
    "exportSource": {
      "world": "test",
      "system": "mnm2",
      "coreVersion": "0.6.5",
      "systemVersion": "1.0.3"
    }
  },
  "img": "systems/mnm2/icons/advantage.png"
}