{
  "_id": "OzaDr40QScGfMy2H",
  "name": "Quick Draw",
  "type": "advantage",
  "data": {
    "summary": "Draw a weapon as a free action.",
    "ranked": false,
    "rank": null,
    "description": "<p>You can draw a weapon from a holster or sheath as a free action, rather than a move action.</p>",
    "categories": {
      "combat": true,
      "general": false,
      "skill": false,
      "fortune": false
    },
    "isOwned": false
  },
  "sort": 5200000,
  "flags": {
    "exportSource": {
      "world": "test",
      "system": "mnm2",
      "coreVersion": "0.6.5",
      "systemVersion": "1.0.3"
    }
  },
  "img": "systems/mnm2/icons/advantage.png"
}