{
  "_id": "EYRw9C1mHpWQlph6",
  "name": "Second Chance",
  "type": "advantage",
  "data": {
    "summary": "Re-roll a failed check against a hazard once.",
    "ranked": true,
    "rank": 1,
    "description": "<p>Choose a particular hazard, such as falling, being tripped, triggering traps, mind control (or another fairly specific power effect, such as <a href=\"https://www.d20herosrd.com/6-powers/effects/effect-descriptions/damage-attack\">Damage</a> with the fire descriptor) or a particular skill with consequences for failure. If you fail a check against that hazard, you can make another immediately and use the better of the two results. You only get one second chance for any given check, and the <a href=\"https://www.d20herosrd.com/#TOC-GAMEMASTERS\" rel=\"nofollow\">GM</a> decides if a particular hazard or skill is an appropriate focus for this advantage. You can take this advantage multiple times, each for a different hazard.</p>",
    "maxRanks": null,
    "categories": {
      "general": true,
      "skill": false,
      "combat": false,
      "fortune": false
    },
    "isOwned": false
  },
  "sort": 5600000,
  "flags": {
    "exportSource": {
      "world": "test",
      "system": "mnm2",
      "coreVersion": "0.6.5",
      "systemVersion": "1.0.3"
    }
  },
  "img": "systems/mnm2/icons/advantage.png"
}