{
  "_id": "1InICZw2QAJBtBRz",
  "name": "Seize Initiative",
  "type": "advantage",
  "data": {
    "summary": "Spend a hero point to go first in the initiative order.",
    "ranked": false,
    "rank": null,
    "description": "<p>You can spend a Victory point to automatically go first in the initiative order. You may only do so at the start of combat, when you would normally make your initiative check. If more than one character uses this advantage, they all make initiative checks normally and act in order of their initiative result, followed by all the other characters who do not have this advantage.</p>",
    "categories": {
      "general": false,
      "skill": false,
      "combat": false,
      "fortune": true
    },
    "isOwned": false
  },
  "sort": 5700000,
  "flags": {
    "exportSource": {
      "world": "test",
      "system": "mnm2",
      "coreVersion": "0.6.5",
      "systemVersion": "1.0.3"
    }
  },
  "img": "systems/mnm2/icons/advantage.png"
}