{
  "_id": "Y0A0B2OqZ3WlX7cR",
  "name": "Tracking",
  "type": "advantage",
  "data": {
    "summary": "Use Perception to follow tracks.",
    "ranked": false,
    "rank": null,
    "description": "<p>You can use the <a href=\"https://www.d20herosrd.com/4-skills#TOC-PERCEPTION\">Perception</a> skill to visually follow tracks like the <a href=\"https://www.d20herosrd.com/5-advantages#TOC-TRACKING-SKILL-\">Tracking</a> <a href=\"https://www.d20herosrd.com/6-powers/effects/effect-descriptions/senses-sensory\">Senses</a> effect (see <a href=\"https://www.d20herosrd.com/6-powers\">Powers</a>).</p>",
    "categories": {
      "skill": true,
      "general": false,
      "combat": false,
      "fortune": false
    },
    "isOwned": false
  },
  "sort": 6600000,
  "flags": {
    "exportSource": {
      "world": "test",
      "system": "mnm2",
      "coreVersion": "0.6.5",
      "systemVersion": "1.0.3"
    }
  },
  "img": "systems/mnm2/icons/advantage.png"
}