{
  "_id": "8g6BLVJdmcQWYU6n",
  "name": "Ultimate Effort",
  "type": "advantage",
  "data": {
    "summary": "Spend a hero point to get an effective 20 on a specific check.",
    "ranked": false,
    "rank": null,
    "description": "<p>You can spend a Victory point on a particular check and treat the roll as a 20 (meaning you don&rsquo;t need to roll the die at all, just apply a result of 20 to your modifier). This is not a natural 20, but is treated as a roll of 20 in all other respects. You choose the particular check the advantage applies to when you acquire it and the <a href=\"https://www.d20herosrd.com/#TOC-GAMEMASTERS\" rel=\"nofollow\">GM</a> must approve it. You can take <a href=\"https://www.d20herosrd.com/5-advantages#TOC-ULTIMATE-EFFORT-FORTUNE-\">Ultimate Effort</a> multiple times, each time, it applies to a different check. This advantage may not be used after you&rsquo;ve rolled the die to determine if you succeed.</p>\n<h2>Sample Ultimate Efforts</h2>\n<p>The following are some potential Ultimate Efforts. The <a href=\"https://www.d20herosrd.com/#TOC-GAMEMASTERS\" rel=\"nofollow\">GM</a> is free to add others suitable to the series.</p>\n<ul>\n<li><strong>Ultimate <a href=\"https://www.d20herosrd.com/8-action-adventure#TOC-AIM-STANDARD-ACTION\" rel=\"nofollow\">Aim</a></strong>: When you take a standard action to aim an attack (see <strong><a href=\"https://www.d20herosrd.com/9-gamemastering/8-action-adventure#TOC-AIM-STANDARD-ACTION\">Aim</a></strong>), you can spend a Victory point to apply a 20 result to the attack check on the following round. Since the Ultimate <a href=\"https://www.d20herosrd.com/8-action-adventure#TOC-AIM-STANDARD-ACTION\" rel=\"nofollow\">Aim</a> bonus is not a natural 20, it also does not qualify as an automatic or critical hit.</li>\n<li><strong>Ultimate <a href=\"https://www.d20herosrd.com/8-action-adventure#TOC-RESISTANCE\" rel=\"nofollow\">Resistance</a></strong>: You can spend a Victory point to apply a 20 result to a resistance check with one defense determined when you acquire this advantage.</li>\n<li><strong>Ultimate Skill</strong>: You can spend a Victory point to apply a 20 result to checks with a particular skill.</li>\n</ul>",
    "categories": {
      "fortune": true,
      "general": false,
      "skill": false,
      "combat": false
    },
    "isOwned": false
  },
  "sort": 6800000,
  "flags": {
    "exportSource": {
      "world": "test",
      "system": "mnm2",
      "coreVersion": "0.6.5",
      "systemVersion": "1.0.3"
    }
  },
  "img": "systems/mnm2/icons/advantage.png"
}