{
  "_id": "BWgSlKtSG1sMNriM",
  "name": "Accurate Attack",
  "type": "advantage",
  "data": {
    "summary": "Trade effect DC for attack bonus.",
    "description": "<p>When you make an accurate attack you can take a penalty of up to –5 on the effect modifier of the attack and add the same number (up to +5) to your attack bonus.</p>",
    "ranked": false,
    "rank": null,
    "maxRank": null,
    "maxRanks": null,
    "categories": {
      "general": false,
      "skill": false,
      "combat": true,
      "fortune": false
    },
    "isOwned": false
  },
  "sort": 100000,
  "flags": {
    "exportSource": {
      "world": "test",
      "system": "mnm2",
      "coreVersion": "0.6.5",
      "systemVersion": "1.0.3"
    }
  },
  "img": "systems/mnm2/icons/advantage.png"
}