{
  "_id": "H79P8MO7eo0QAG6a",
  "name": "All-out Attack",
  "type": "advantage",
  "data": {
    "summary": "Trade active defense for attack bonus.",
    "ranked": false,
    "rank": null,
    "description": "<p>When you make an all-out attack (see Maneuvers) you can take a penalty of up to –5 on your active defenses (Dodge and Parry) and add the same number (up to +5) to your attack bonus.</p>",
    "categories": {
      "combat": true,
      "general": false,
      "skill": false,
      "fortune": false
    },
    "isOwned": false
  },
  "sort": 200000,
  "flags": {
    "exportSource": {
      "world": "test",
      "system": "mnm2",
      "coreVersion": "0.6.5",
      "systemVersion": "1.0.3"
    }
  },
  "img": "systems/mnm2/icons/advantage.png"
}