{
  "_id": "oXkzAw5FrVIeBqTk",
  "name": "Animal Empathy",
  "type": "advantage",
  "data": {
    "summary": "Use interaction skills normally with animals.",
    "description": "<p>You have a special connection with animals. You can use interaction skills on animals normally, and do not have to speak a language the animal understands; you communicate your intent through gestures and body language and learn things by studying animal behavior. Characters normally have a –10 circumstance penalty to use interaction skills on animals, due to their Intellect and lack of language.</p>",
    "ranked": false,
    "rank": null,
    "maxRank": null,
    "categories": {
      "general": false,
      "skill": true,
      "combat": false,
      "fortune": false
    },
    "isOwned": false
  },
  "sort": 225000,
  "flags": {
    "exportSource": {
      "world": "test",
      "system": "mnm2",
      "coreVersion": "0.6.5",
      "systemVersion": "1.0.3"
    }
  },
  "img": "systems/mnm2/icons/advantage.png"
}