{
  "_id": "oWMPhqFgv3ZNnL3s",
  "name": "Artificer",
  "type": "advantage",
  "data": {
    "summary": "Use Expertise (Magic) to create temporary magical devices.",
    "ranked": false,
    "rank": null,
    "description": "<p>You can use the Expertise: Magic skill to create temporary magical devices. See Magical Inventions for details.</p>",
    "categories": {
      "general": false,
      "skill": true,
      "combat": false,
      "fortune": false
    },
    "isOwned": false
  },
  "sort": 300000,
  "flags": {
    "exportSource": {
      "world": "test",
      "system": "mnm2",
      "coreVersion": "0.6.5",
      "systemVersion": "1.0.3"
    }
  },
  "img": "systems/mnm2/icons/advantage.png"
}