{
  "_id": "81rBxAAGWX5m00Ik",
  "name": "Assessment",
  "type": "advantage",
  "data": {
    "summary": "Use Insight to learn an opponent's combat capabilities.",
    "ranked": false,
    "rank": null,
    "description": "<p>You’re able to quickly size up an opponent’s combat capabilities. Choose a target you can accurately perceive and have the GM make a secret Insight check for you as a free action, opposed by the target’s Deception check result.</p>\n<p>If you win, the GM tells you the target’s attack and defense bonuses relative to yours (lower, higher, or equal). With each additional degree of success, you learn one of the target’s bonuses exactly.</p>\n<p>If you lose the opposed roll, you don’t find out anything. With more than one degree of failure, the GM may lie or otherwise exaggerate the target’s bonuses.</p>",
    "categories": {
      "general": true,
      "skill": false,
      "combat": false,
      "fortune": false
    },
    "isOwned": false
  },
  "sort": 400000,
  "flags": {
    "exportSource": {
      "world": "test",
      "system": "mnm2",
      "coreVersion": "0.6.5",
      "systemVersion": "1.0.3"
    }
  },
  "img": "systems/mnm2/icons/advantage.png"
}