{
  "_id": "BwWFd3JBAo9jVGsc",
  "name": "Attractive",
  "type": "advantage",
  "data": {
    "summary": "Circumstance bonus to interaction based on your looks.",
    "ranked": true,
    "rank": 1,
    "description": "<p>You&rsquo;re particularly attractive, giving you a +2 circumstance bonus on <a href=\"https://www.d20herosrd.com/4-skills#TOC-DECEPTION\">Deception</a> and <a href=\"https://www.d20herosrd.com/4-skills#TOC-PERSUASION\">Persuasion</a> checks to deceive, seduce, or change the attitude of anyone who finds your looks appealing. With a second rank, you are Very <a href=\"https://www.d20herosrd.com/5-advantages#TOC-ATTRACTIVE-SKILL-RANKED-2-\">Attractive</a>, giving you a +5 circumstance bonus. This bonus does not count as part of your regular skill bonus in terms of the series power level, but also does not apply to people or situations which (in the <a href=\"https://www.d20herosrd.com/#TOC-GAMEMASTERS\" rel=\"nofollow\">GM&rsquo;s</a> opinion) would not be influenced by your appearance.</p>\n<p>While superheroes tend to be a fairly good-looking lot, this advantage is generally reserved for characters with particularly impressive looks.</p>",
    "maxRanks": 2,
    "categories": {
      "general": false,
      "skill": true,
      "combat": false,
      "fortune": false
    },
    "isOwned": false
  },
  "sort": 500000,
  "flags": {
    "exportSource": {
      "world": "test",
      "system": "mnm2",
      "coreVersion": "0.6.5",
      "systemVersion": "1.0.3"
    }
  },
  "img": "systems/mnm2/icons/advantage.png"
}