{
  "_id": "Pc1tp9wP5HRhEYsM",
  "name": "Beginner's Luck",
  "type": "advantage",
  "data": {
    "summary": "Spend a hero point to gain 5 temporary ranks in a skill.",
    "ranked": false,
    "rank": null,
    "description": "<p>By spending a Victory point, you gain an effective 5 ranks in one skill of your choice you currently have at 4 or fewer ranks, including skills you have no ranks in, even if they can’t be used untrained. These temporary skill ranks last for the duration of the scene and grant you their normal benefits.</p>",
    "categories": {
      "fortune": true,
      "general": false,
      "skill": false,
      "combat": false
    },
    "isOwned": false
  },
  "sort": 600000,
  "flags": {
    "exportSource": {
      "world": "test",
      "system": "mnm2",
      "coreVersion": "0.6.5",
      "systemVersion": "1.0.3"
    }
  },
  "img": "systems/mnm2/icons/advantage.png"
}