{
  "_id": "yz5eQTHtJcReFvyl",
  "name": "Benefit",
  "type": "advantage",
  "data": {
    "summary": "Gain a significant perquisite or fringe benefit.",
    "ranked": true,
    "rank": 1,
    "description": "<p>You have some significant perquisite or fringe benefit. The exact nature of the benefit is for you and the Gamemaster to determine. As a rule of thumb it should not exceed the benefits of any other advantage, or a power effect costing 1 point. It should also be significant enough to cost at least 1 Character point. An example is Diplomatic Immunity (see below). A license to practice law or medicine, on the other hand, should not be considered a Benefit; it’s simply a part of having training in the appropriate Expertise skill and has no significant game effect.</p>\n<p>Benefits may come in ranks for improved levels of the same benefit. The GM is the final arbiter as to what does and does not constitute a Benefit in the setting. Keep in mind some qualities may constitute Benefits in some series, but not in others, depending on whether or not they have any real impact on the game.</p>\n<h2>Sample Benefits</h2>\n<p>The following are some potential Benefits. The GM is free to choose any suitable Benefit for the series.</p>\n<p>Alternate Identity: You have an alternate identity, complete with legal paperwork (driver’s license, birth certificate, etc.). This is different from a costumed identity, which doesn’t necessarily have any special legal status (but may in some settings).</p>\n<p>Ambidexterity: You are equally adept using either hand, suffering no circumstance penalty for using your off-hand (as you don’t have one).</p>\n<p>Cipher: Your true history is well hidden, making it difficult to dig up information about you. Investigation checks concerning you are made at a –5 circumstance penalty per rank in this benefit.</p>\n<p>Diplomatic Immunity: By dint of your diplomatic status, you cannot be prosecuted for crimes in nations other than your own. All another nation can do is deport you to your home nation.</p>\n<p>Security Clearance: You have access to classified government information, installations, and possibly equipment and personnel.</p>\n<p>Status: By virtue of birth or achievement, you have special status. Examples include nobility, knight-hood, aristocracy, and so forth.</p>\n<p>Wealth: You have greater than average wealth or material resources, such as well-off (rank 1), independently wealthy (rank 2), a millionaire (rank 3), multi-millionaire (rank 4), or billionaire (rank 5).</p>",
    "maxRanks": null,
    "categories": {
      "general": true,
      "skill": false,
      "combat": false,
      "fortune": false
    },
    "isOwned": false
  },
  "sort": 700000,
  "flags": {
    "exportSource": {
      "world": "test",
      "system": "mnm2",
      "coreVersion": "0.6.5",
      "systemVersion": "1.0.3"
    }
  },
  "img": "systems/mnm2/icons/advantage.png"
}