{
  "_id": "ltEJXNamNmmcDgtD",
  "name": "Close Attack",
  "type": "advantage",
  "data": {
    "summary": "+1 bonus to close attack checks per rank.",
    "ranked": true,
    "rank": 1,
    "description": "<p>You have a +1 bonus to close attacks checks per rank in this advantage. Your total attack bonus is still limited by power level. This advantage best suits characters with a level of overall close combat skill (armed and unarmed). For capability with a particular type of attack, use the <a href=\"https://www.d20herosrd.com/4-skills#TOC-CLOSE-COMBAT\">Close Combat</a> skill.</p>",
    "maxRanks": null,
    "categories": {
      "combat": true,
      "general": false,
      "skill": false,
      "fortune": false
    },
    "isOwned": false
  },
  "sort": 1000000,
  "flags": {
    "exportSource": {
      "world": "test",
      "system": "mnm2",
      "coreVersion": "0.6.5",
      "systemVersion": "1.0.3"
    }
  },
  "img": "systems/mnm2/icons/advantage.png"
}