{
  "_id": "iaPsSh3JdhRz4jwy",
  "name": "Connected",
  "type": "advantage",
  "data": {
    "summary": "Call in assistance or favors with a Persuasion check.",
    "ranked": false,
    "rank": null,
    "description": "<p>You know people who can help you out from time to time. It might be advice, information, help with a legal matter, or access to resources. You can call in such favors by making a <a href=\"https://www.d20herosrd.com/4-skills#TOC-PERSUASION\">Persuasion</a> check. The <a href=\"https://www.d20herosrd.com/#TOC-GAMEMASTERS\" rel=\"nofollow\">GM</a> sets the <a href=\"https://www.d20herosrd.com/#TOC-DIFFICULTY-CLASS\" rel=\"nofollow\">DC</a> of the check, based on the aid required. A simple favor is <a href=\"https://www.d20herosrd.com/#TOC-DIFFICULTY-CLASS\" rel=\"nofollow\">DC</a> 10, ranging up to <a href=\"https://www.d20herosrd.com/#TOC-DIFFICULTY-CLASS\" rel=\"nofollow\">DC</a> 25 or higher for especially difficult, dangerous, or expensive favors. You can spend a Victory point to automatically secure the favor, if the <a href=\"https://www.d20herosrd.com/#TOC-GAMEMASTERS\" rel=\"nofollow\">GM</a> allows it. The <a href=\"https://www.d20herosrd.com/#TOC-GAMEMASTERS\" rel=\"nofollow\">GM</a> has the right to veto any request if it is too involved or likely to spoil the plot of the adventure. Use of this advantage always requires at least a few minutes (and often much longer) and the means to contact your allies to ask for their help.</p>",
    "categories": {
      "skill": true,
      "general": false,
      "combat": false,
      "fortune": false
    },
    "isOwned": false
  },
  "sort": 1100000,
  "flags": {
    "exportSource": {
      "world": "test",
      "system": "mnm2",
      "coreVersion": "0.6.5",
      "systemVersion": "1.0.3"
    }
  },
  "img": "systems/mnm2/icons/advantage.png"
}