{
  "_id": "of0yRJ5amjpFycKL",
  "name": "Daze",
  "type": "advantage",
  "data": {
    "summary": "Use Deception or Intimidation to daze an opponent.",
    "ranked": true,
    "rank": 1,
    "maxRanks": 2,
    "categories": {
      "general": false,
      "skill": true,
      "combat": false,
      "fortune": false
    },
    "description": "<p>You can make a <a href=\"https://www.d20herosrd.com/4-skills#TOC-DECEPTION\">Deception</a> or <a href=\"https://www.d20herosrd.com/4-skills#TOC-INTIMIDATION\">Intimidation</a> check as a standard action (choose which skill when you acquire the advantage) to cause an opponent to hesitate in combat. Make a skill check as a standard action against your target&rsquo;s resistance check (the same skill, <a href=\"https://www.d20herosrd.com/4-skills#TOC-INSIGHT\">Insight</a>, or <a href=\"https://www.d20herosrd.com/3-abilities#TOC-WILL\">Will</a> defense, whichever has the highest bonus). If you win, your target is dazed (able to take only a standard action) until the end of your next round. The ability to <a href=\"https://www.d20herosrd.com/5-advantages#TOC-DAZE-SKILL-RANKED-2-\">Daze</a> with <a href=\"https://www.d20herosrd.com/4-skills#TOC-DECEPTION\">Deception</a> and with <a href=\"https://www.d20herosrd.com/4-skills#TOC-INTIMIDATION\">Intimidation</a> are separate advantages. Take this advantage twice in order to be able to do both.</p>",
    "isOwned": false
  },
  "sort": 1300000,
  "flags": {
    "exportSource": {
      "world": "test",
      "system": "mnm2",
      "coreVersion": "0.6.5",
      "systemVersion": "1.0.3"
    }
  },
  "img": "systems/mnm2/icons/advantage.png"
}