{
  "_id": "LOEFs7OpAepOyZ0u",
  "name": "Defensive Attack",
  "type": "advantage",
  "data": {
    "summary": "Trade attack bonus for active defense bonus.",
    "ranked": false,
    "rank": null,
    "description": "<h3>Martial Arts and Fighting Styles</h3>\n<p>You can use combinations of advantages&mdash;particularly combat advantages&mdash;to create different &ldquo;fighting styles&rdquo; ranging from martial arts to superhero combat techniques. For example, a &ldquo;soft&rdquo; fighting style focusing primarily on defense might include the advantages <a href=\"https://www.d20herosrd.com/9-gamemastering/8-action-adventure#TOC-DEFENSIVE-ATTACK\">Defensive Attack</a>, <a href=\"https://www.d20herosrd.com/5-advantages#TOC-IMPROVED-DEFENSE-COMBAT-\">Improved Defense</a>, <a href=\"https://www.d20herosrd.com/5-advantages#TOC-IMPROVED-TRIP-COMBAT-\">Improved Trip</a>, and <a href=\"https://www.d20herosrd.com/5-advantages#TOC-INSTANT-UP-GENERAL-\">Instant Up</a>. A &ldquo;hard&rdquo; fighting style focused on offense might include All-out <a href=\"https://www.d20herosrd.com/9-gamemastering/8-action-adventure#TOC-ATTACK-STANDARD-ACTION\">Attack</a>, <a href=\"https://www.d20herosrd.com/5-advantages#TOC-IMPROVED-CRITICAL-COMBAT-RANKED-\">Improved Critical</a>, <a href=\"https://www.d20herosrd.com/5-advantages#TOC-IMPROVED-SMASH-COMBAT-\">Improved Smash</a>, <a href=\"https://www.d20herosrd.com/9-gamemastering/8-action-adventure#TOC-POWER-ATTACK\">Power Attack</a>, and <a href=\"https://www.d20herosrd.com/5-advantages#TOC-STARTLE-SKILL-\">Startle</a> for a fierce kiai shout! You can combine various advantages to create specific styles or allow players to mix-and-match to design their own unique styles.</p>\n<h3><a name=\"TOC-SAMPLE-FIGHTING-STYLES\"></a>SAMPLE FIGHTING STYLES</h3>\n<p>Use the following advantage combos as examples of how to create different fighting styles. Students who have not yet mastered a style may have only some of a style&rsquo;s associated advantages rather than all of them.</p>\n<p>Any of these fighting styles might include ranks of the <a href=\"https://www.d20herosrd.com/5-advantages#TOC-CLOSE-ATTACK-COMBAT-RANKED-\">Close Attack</a> advantage. Other fighting style advantages might include:</p>\n<p><strong>Boxing</strong>: All-out <a href=\"https://www.d20herosrd.com/9-gamemastering/8-action-adventure#TOC-ATTACK-STANDARD-ACTION\">Attack</a>, <a href=\"https://www.d20herosrd.com/9-gamemastering/8-action-adventure#TOC-DEFENSIVE-ATTACK\">Defensive Attack</a>, <a href=\"https://www.d20herosrd.com/5-advantages#TOC-IMPROVED-CRITICAL-COMBAT-RANKED-\">Improved Critical</a> (Unarmed), <a href=\"https://www.d20herosrd.com/9-gamemastering/8-action-adventure#TOC-POWER-ATTACK\">Power Attack</a>, <a href=\"https://www.d20herosrd.com/5-advantages#TOC-TAKEDOWN-COMBAT-RANKED-2-\">Takedown</a>.</p>\n<p><strong>Judo</strong>: <a href=\"https://www.d20herosrd.com/9-gamemastering/8-action-adventure#TOC-ACCURATE-ATTACK\">Accurate Attack</a>, <a href=\"https://www.d20herosrd.com/9-gamemastering/8-action-adventure#TOC-DEFENSIVE-ATTACK\">Defensive Attack</a>, <a href=\"https://www.d20herosrd.com/5-advantages#TOC-IMPROVED-DISARM-COMBAT-\">Improved Disarm</a>, <a href=\"https://www.d20herosrd.com/5-advantages#TOC-IMPROVED-GRAB-COMBAT-\">Improved Grab</a>, <a href=\"https://www.d20herosrd.com/5-advantages#TOC-IMPROVED-HOLD-COMBAT-\">Improved Hold</a>, <a href=\"https://www.d20herosrd.com/5-advantages#TOC-IMPROVED-TRIP-COMBAT-\">Improved Trip</a>.</p>\n<p><strong>Kung Fu</strong>: <a href=\"https://www.d20herosrd.com/9-gamemastering/8-action-adventure#TOC-DEFENSIVE-ATTACK\">Defensive Attack</a>, <a href=\"https://www.d20herosrd.com/5-advantages#TOC-IMPROVED-CRITICAL-COMBAT-RANKED-\">Improved Critical</a> (Unarmed), <a href=\"https://www.d20herosrd.com/5-advantages#TOC-IMPROVED-SMASH-COMBAT-\">Improved Smash</a>, <a href=\"https://www.d20herosrd.com/5-advantages#TOC-IMPROVED-TRIP-COMBAT-\">Improved Trip</a>, <a href=\"https://www.d20herosrd.com/5-advantages#TOC-INSTANT-UP-GENERAL-\">Instant Up</a>, <a href=\"https://www.d20herosrd.com/9-gamemastering/8-action-adventure#TOC-POWER-ATTACK\">Power Attack</a>, <a href=\"https://www.d20herosrd.com/5-advantages#TOC-STARTLE-SKILL-\">Startle</a>.</p>\n<p><strong>Sword-fighting</strong>: <a href=\"https://www.d20herosrd.com/9-gamemastering/8-action-adventure#TOC-ACCURATE-ATTACK\">Accurate Attack</a>, <a href=\"https://www.d20herosrd.com/9-gamemastering/8-action-adventure#TOC-DEFENSIVE-ATTACK\">Defensive Attack</a>, <a href=\"https://www.d20herosrd.com/5-advantages#TOC-IMPROVED-DISARM-COMBAT-\">Improved Disarm</a>, <a href=\"https://www.d20herosrd.com/5-advantages#TOC-IMPROVED-INITIATIVE-COMBAT-RANKED-\">Improved Initiative</a>, <a href=\"https://www.d20herosrd.com/9-gamemastering/8-action-adventure#TOC-POWER-ATTACK\">Power Attack</a>, <a href=\"https://www.d20herosrd.com/5-advantages#TOC-TAUNT-SKILL-\">Taunt</a>.</p>\n<p><strong>Wrestling</strong>: <a href=\"https://www.d20herosrd.com/5-advantages#TOC-CHOKEHOLD-COMBAT-\">Chokehold</a>, <a href=\"https://www.d20herosrd.com/5-advantages#TOC-FAST-GRAB-COMBAT-\">Fast Grab</a>, <a href=\"https://www.d20herosrd.com/5-advantages#TOC-IMPROVED-GRAB-COMBAT-\">Improved Grab</a>, <a href=\"https://www.d20herosrd.com/5-advantages#TOC-IMPROVED-HOLD-COMBAT-\">Improved Hold</a>, <a href=\"https://www.d20herosrd.com/9-gamemastering/8-action-adventure#TOC-POWER-ATTACK\">Power Attack</a>.</p>\n<h3><a name=\"TOC-SUPER-FIGHTING-STYLES\"></a>SUPER FIGHTING STYLES</h3>\n<p>Comic book martial artists often have abilities far beyond the scope of the advantages and fighting styles given in this section. Such superhuman martial arts abilities as leaping vast distances, punching through solid stone, shrugging off damage, and killing with a mere touch are powers. See <a href=\"https://www.d20herosrd.com/6-powers\">Powers</a> for details.</p>\n<p>When you make a defensive attack (see <strong><a href=\"https://www.d20herosrd.com/9-gamemastering/8-action-adventure#TOC-MANEUVERS\">Maneuvers</a></strong>), you can take a penalty of up to &ndash;5 on your attack bonus and add the same number (up to +5) to both your active defenses (<a href=\"https://www.d20herosrd.com/3-abilities#TOC-DODGE\">Dodge</a> and <a href=\"https://www.d20herosrd.com/3-abilities#TOC-PARRY\">Parry</a>).</p>",
    "categories": {
      "combat": true,
      "general": false,
      "skill": false,
      "fortune": false
    },
    "isOwned": false
  },
  "sort": 1400000,
  "flags": {
    "exportSource": {
      "world": "test",
      "system": "mnm2",
      "coreVersion": "0.6.5",
      "systemVersion": "1.0.3"
    }
  },
  "img": "systems/mnm2/icons/advantage.png"
}