{
  "_id": "snCW5OkSW4UPnHtG",
  "name": "Defensive Roll",
  "type": "advantage",
  "data": {
    "summary": "+1 active defense bonus to Toughness per rank.",
    "ranked": true,
    "rank": 1,
    "maxRanks": null,
    "categories": {
      "combat": true,
      "general": false,
      "skill": false,
      "fortune": false
    },
    "description": "<p>You can avoid damage through agility and &ldquo;rolling&rdquo; with an attack. You receive a bonus to your <a href=\"https://www.d20herosrd.com/3-abilities#TOC-TOUGHNESS\">Toughness</a> equal to your advantage rank, but it is considered an active defense similar to <a href=\"https://www.d20herosrd.com/3-abilities#TOC-DODGE\">Dodge</a> and <a href=\"https://www.d20herosrd.com/3-abilities#TOC-PARRY\">Parry</a> (see <strong><a href=\"https://www.d20herosrd.com/3-abilities#TOC-ACTIVE-DEFENSES\">Active Defenses</a></strong> in <a href=\"https://www.d20herosrd.com/3-abilities\">Abilities</a>), so you lose this bonus whenever you are vulnerable or defenseless. Your total <a href=\"https://www.d20herosrd.com/3-abilities#TOC-TOUGHNESS\">Toughness</a>, including this advantage, is still limited by power level.</p>\n<p>This advantage is common for heroes who lack either superhuman speed or toughness, relying on their agility and training to avoid harm.</p>",
    "isOwned": false
  },
  "sort": 1500000,
  "flags": {
    "exportSource": {
      "world": "test",
      "system": "mnm2",
      "coreVersion": "0.6.5",
      "systemVersion": "1.0.3"
    }
  },
  "img": "systems/mnm2/icons/advantage.png"
}