{
  "_id": "ILNXZYOtDTYnUsyy",
  "name": "Diehard",
  "type": "advantage",
  "data": {
    "summary": "Automatically stablize when dying.",
    "ranked": false,
    "rank": null,
    "description": "<p>When your condition becomes dying (see <strong><a href=\"https://www.d20herosrd.com/9-gamemastering/8-action-adventure#TOC-CONDITIONS\">Conditions</a></strong> in <a href=\"https://www.d20herosrd.com/9-gamemastering/8-action-adventure\">Action &amp; Adventure</a>) you automatically stabilize on the following round without any need for a <a href=\"https://www.d20herosrd.com/3-abilities#TOC-STAMINA-STA-\">Stamina</a> check, although further damage&mdash;such as a finishing attack&mdash;can still kill you.</p>",
    "categories": {
      "general": true,
      "skill": false,
      "combat": false,
      "fortune": false
    },
    "isOwned": false
  },
  "sort": 1600000,
  "flags": {
    "exportSource": {
      "world": "test",
      "system": "mnm2",
      "coreVersion": "0.6.5",
      "systemVersion": "1.0.3"
    }
  },
  "img": "systems/mnm2/icons/advantage.png"
}