{
  "_id": "3zPFOvLj0ozkE8Ba",
  "name": "Eidetic Memory",
  "type": "advantage",
  "data": {
    "summary": "Total recall, +5 circumstance bonus to remember things.",
    "ranked": false,
    "rank": null,
    "categories": {
      "general": true,
      "skill": false,
      "combat": false,
      "fortune": false
    },
    "description": "<p>You have perfect recall of everything you&rsquo;ve experienced. You have a +5 circumstance bonus on checks to remember things, including resistance checks against effects that alter or erase memories. You can also make <a href=\"https://www.d20herosrd.com/4-skills#TOC-EXPERTISE\">Expertise</a> skill checks to answer questions and provide information as if you were trained, meaning you can answer questions involving difficult or obscure knowledge even without ranks in the skill, due to the sheer amount of trivia you have picked up.</p>",
    "isOwned": false
  },
  "sort": 1700000,
  "flags": {
    "exportSource": {
      "world": "test",
      "system": "mnm2",
      "coreVersion": "0.6.5",
      "systemVersion": "1.0.3"
    }
  },
  "img": "systems/mnm2/icons/advantage.png"
}