{
  "_id": "wWQiItOuJHVUhhLx",
  "name": "Evasion",
  "type": "advantage",
  "data": {
    "summary": "Circumstance bonus to avoid area effects.",
    "ranked": true,
    "rank": 1,
    "description": "<p>You have a +2 circumstance bonus to <a href=\"https://www.d20herosrd.com/3-abilities#TOC-DODGE\">Dodge</a> resistance checks to avoid area effects (see <strong>Area</strong> extra in <a href=\"https://www.d20herosrd.com/6-powers\">Powers</a>). If you have 2 ranks in this advantage, your circumstance bonus increases to +5.</p>",
    "maxRanks": 2,
    "categories": {
      "combat": true,
      "general": false,
      "skill": false,
      "fortune": false
    },
    "isOwned": false
  },
  "sort": 1900000,
  "flags": {
    "exportSource": {
      "world": "test",
      "system": "mnm2",
      "coreVersion": "0.6.5",
      "systemVersion": "1.0.3"
    }
  },
  "img": "systems/mnm2/icons/advantage.png"
}