{
  "_id": "qLRAfgWa7KHkowHF",
  "name": "Extraordinary Effort",
  "type": "advantage",
  "data": {
    "summary": "Gain two benefits when using extra effort.",
    "ranked": false,
    "rank": null,
    "description": "<p>When using extra effort (see <strong><a href=\"https://www.d20herosrd.com/#TOC-EXTRA-EFFORT\" rel=\"nofollow\">Extra Effort</a></strong> in <a href=\"https://www.d20herosrd.com/home\">The Basics</a>), you can gain two of the listed benefits, even stacking two of the same type of benefit. However, you also double the cost of the effort; you&rsquo;re exhausted starting the turn after your extraordinary effort. If you are already fatigued, you are incapacitated. If you are already exhausted, you cannot use extraordinary effort. Spending a Victory point at the start of your next turn reduces the cost of your extraordinary effort to merely fatigued, the same as a regular extra effort.</p>",
    "categories": {
      "general": true,
      "skill": false,
      "combat": false,
      "fortune": false
    },
    "isOwned": false
  },
  "sort": 2000000,
  "flags": {
    "exportSource": {
      "world": "test",
      "system": "mnm2",
      "coreVersion": "0.6.5",
      "systemVersion": "1.0.3"
    }
  },
  "img": "systems/mnm2/icons/advantage.png"
}