{
  "_id": "CQPa5otBdcmMc8kw",
  "name": "Fascinate",
  "type": "advantage",
  "data": {
    "summary": "Use an interaction skill to entrance others.",
    "ranked": true,
    "rank": 1,
    "description": "<p>One of your interaction skills is so effective you can capture and hold other&rsquo;s attention with it. Choose <a href=\"https://www.d20herosrd.com/4-skills#TOC-DECEPTION\">Deception</a>, <a href=\"https://www.d20herosrd.com/4-skills#TOC-INTIMIDATION\">Intimidation</a>, or <a href=\"https://www.d20herosrd.com/4-skills#TOC-PERSUASION\">Persuasion</a> when you acquire this advantage. You can also use <a href=\"https://www.d20herosrd.com/5-advantages#TOC-FASCINATE-SKILL-RANKED-\">Fascinate</a> with an appropriate <a href=\"https://www.d20herosrd.com/4-skills#TOC-EXPERTISE\">Expertise</a> skill, like musician or singer, at the <a href=\"https://www.d20herosrd.com/#TOC-GAMEMASTERS\" rel=\"nofollow\">GM&rsquo;s</a> discretion.</p>\n<p>You are subject to the normal guidelines for interaction skills, and combat or other immediate danger makes this advantage ineffective. Take a standard action and make an interaction skill check against your target&rsquo;s opposing check (<a href=\"https://www.d20herosrd.com/4-skills#TOC-INSIGHT\">Insight</a> or <a href=\"https://www.d20herosrd.com/3-abilities#TOC-WILL\">Will</a> defense). If you succeed, the target is entranced. You can maintain the effect with a standard action each round, giving the target a new resistance check. The effect ends when you stop performing, the target successfully resists, or any immediate danger presents itself. Like all interaction skills, you can use <a href=\"https://www.d20herosrd.com/5-advantages#TOC-FASCINATE-SKILL-RANKED-\">Fascinate</a> on a group, but you must affect everyone in the group in the same way.</p>\n<p>You may take this advantage more than once. Each time, it applies to a different skill.</p>",
    "maxRanks": null,
    "categories": {
      "skill": true,
      "general": false,
      "combat": false,
      "fortune": false
    },
    "isOwned": false
  },
  "sort": 2100000,
  "flags": {
    "exportSource": {
      "world": "test",
      "system": "mnm2",
      "coreVersion": "0.6.5",
      "systemVersion": "1.0.3"
    }
  },
  "img": "systems/mnm2/icons/advantage.png"
}