{
  "_id": "LufEbQaxrFDIX4GR",
  "name": "Fast Grab",
  "type": "advantage",
  "data": {
    "summary": "Make a free grab check after an unarmed attack.",
    "ranked": false,
    "rank": null,
    "description": "<p>When you hit with an unarmed attack you can immediately make a grab check against that opponent as a free action (see <strong><a href=\"https://www.d20herosrd.com/9-gamemastering/8-action-adventure#TOC-GRAB-STANDARD-ACTION\">Grab</a></strong>). Your unarmed attack inflicts its normal damage and counts as the initial attack check required to grab your opponent.</p>",
    "categories": {
      "combat": true,
      "general": false,
      "skill": false,
      "fortune": false
    },
    "isOwned": false
  },
  "sort": 2200000,
  "flags": {
    "exportSource": {
      "world": "test",
      "system": "mnm2",
      "coreVersion": "0.6.5",
      "systemVersion": "1.0.3"
    }
  },
  "img": "systems/mnm2/icons/advantage.png"
}