{
  "_id": "o5NL60uh7ew6r4IZ",
  "name": "Favored Foe",
  "type": "advantage",
  "data": {
    "summary": "Circumstance bonus to certain checks against a type of opponent.",
    "ranked": false,
    "rank": null,
    "description": "<p>You have a particular type of opponent you&rsquo;ve studied or are especially effective against. It may be a type of creature (aliens, animals, constructs, mutants, undead, etc.), a profession (soldiers, police officers, Yakuza, etc.) or any other category the <a href=\"https://www.d20herosrd.com/#TOC-GAMEMASTERS\" rel=\"nofollow\">GM</a> approves. Especially broad categories like &ldquo;humans&rdquo; or &ldquo;villains&rdquo; are not permitted. You gain a +2 circumstance bonus on <a href=\"https://www.d20herosrd.com/4-skills#TOC-DECEPTION\">Deception</a>, <a href=\"https://www.d20herosrd.com/4-skills#TOC-INTIMIDATION\">Intimidation</a>, <a href=\"https://www.d20herosrd.com/4-skills#TOC-INSIGHT\">Insight</a>, and <a href=\"https://www.d20herosrd.com/4-skills#TOC-PERCEPTION\">Perception</a> checks dealing with your <a href=\"https://www.d20herosrd.com/5-advantages#TOC-FAVORED-FOE-SKILL-\">Favored Foe</a>. This circumstance bonus is not limited by power level.</p>",
    "categories": {
      "skill": true,
      "general": false,
      "combat": false,
      "fortune": false
    },
    "isOwned": false
  },
  "sort": 2400000,
  "flags": {
    "exportSource": {
      "world": "test",
      "system": "mnm2",
      "coreVersion": "0.6.5",
      "systemVersion": "1.0.3"
    }
  },
  "img": "systems/mnm2/icons/advantage.png"
}