{
  "_id": "9PPNbAWE0FgLivxd",
  "name": "Favored Environment",
  "type": "advantage",
  "data": {
    "summary": "Circumstance bonus to attack or defense in an environment.",
    "ranked": false,
    "rank": null,
    "categories": {
      "combat": true,
      "general": false,
      "skill": false,
      "fortune": false
    },
    "description": "<p>You have an environment you&rsquo;re especially suited for fighting in. Examples include in the air, underwater, in space, in extreme heat or cold, in jungles or woodlands, and so forth. While you are in your favored environment, you gain a +2 circumstance bonus to attack checks or your active defenses. Choose at the start of the round whether the bonus applies to attack or defense. The choice remains until the start of your next round. This circumstance bonus is not affected by power level.</p>",
    "isOwned": false
  },
  "sort": 2300000,
  "flags": {
    "exportSource": {
      "world": "test",
      "system": "mnm2",
      "coreVersion": "0.6.5",
      "systemVersion": "1.0.3"
    }
  },
  "img": "systems/mnm2/icons/advantage.png"
}