{
  "_id": "DCjmK8L5aX7IWZ5I",
  "name": "Fearless",
  "type": "advantage",
  "data": {
    "summary": "Immune to fear effects.",
    "ranked": false,
    "rank": null,
    "categories": {
      "general": true,
      "skill": false,
      "combat": false,
      "fortune": false
    },
    "description": "<p>You are immune to fear effects of all sorts, essentially the same as an <a href=\"https://www.d20herosrd.com/6-powers/effects/effect-descriptions/immunity-defense\">Immunity</a> to Fear effect (see <strong><a href=\"https://www.d20herosrd.com/6-powers/effects/effect-descriptions/immunity-defense\">Immunity</a></strong> in <a href=\"https://www.d20herosrd.com/6-powers\">Powers</a>).</p>",
    "isOwned": false
  },
  "sort": 2500000,
  "flags": {
    "exportSource": {
      "world": "test",
      "system": "mnm2",
      "coreVersion": "0.6.5",
      "systemVersion": "1.0.3"
    }
  },
  "img": "systems/mnm2/icons/advantage.png"
}