{
  "_id": "Y5D9mvzRB8PCVPLa",
  "name": "Grabbing Finesse",
  "type": "advantage",
  "data": {
    "summary": "Substitute DEX for STR when making grab attacks.",
    "ranked": false,
    "rank": null,
    "description": "<p>You can use your <a href=\"https://www.d20herosrd.com/3-abilities#TOC-DEXTERITY-DEX-\">Dexterity</a> bonus, rather than your <a href=\"https://www.d20herosrd.com/3-abilities#TOC-STRENGTH-STR-\">Strength</a> bonus, to make grab attacks. You are not vulnerable while grabbing. See <strong><a href=\"https://www.d20herosrd.com/9-gamemastering/8-action-adventure#TOC-GRAB-STANDARD-ACTION\">Grab</a></strong>, for details. This is a good advantage for skilled unarmed combatants focused more on speed than strength.</p>",
    "categories": {
      "combat": true,
      "general": false,
      "skill": false,
      "fortune": false
    },
    "isOwned": false
  },
  "sort": 2600000,
  "flags": {
    "exportSource": {
      "world": "test",
      "system": "mnm2",
      "coreVersion": "0.6.5",
      "systemVersion": "1.0.3"
    }
  },
  "img": "systems/mnm2/icons/advantage.png"
}