{
  "_id": "TJUPU6EQ6Toduk29",
  "name": "Great Endurance",
  "type": "advantage",
  "data": {
    "summary": "+5 checks involving endurance.",
    "ranked": false,
    "rank": null,
    "description": "<p>You have a +5 bonus on checks to avoid becoming fatigued and checks to hold your breath, avoid damage from starvation or thirst, avoid damage from hot or cold environments, and to resist suffocation and drowning. See <strong>Hazards and the <a href=\"https://www.d20herosrd.com/6-powers/effects/effect-descriptions/environment-control\">Environment</a></strong> in <a href=\"https://www.d20herosrd.com/9-gamemastering/8-action-adventure\">Action &amp; Adventure</a> for details on these checks.</p>",
    "categories": {
      "general": true,
      "skill": false,
      "combat": false,
      "fortune": false
    },
    "isOwned": false
  },
  "sort": 2700000,
  "flags": {
    "exportSource": {
      "world": "test",
      "system": "mnm2",
      "coreVersion": "0.6.5",
      "systemVersion": "1.0.3"
    }
  },
  "img": "systems/mnm2/icons/advantage.png"
}