{
  "_id": "PCqL74GTKIU7Kwzv",
  "name": "Hide in Plain Sight",
  "type": "advantage",
  "data": {
    "summary": "Hide while observed without need for a diversion.",
    "ranked": false,
    "rank": null,
    "description": "<p>You can hide (see <strong><a href=\"https://www.d20herosrd.com/4-skills#TOC-HIDING\">Hiding</a></strong> under <strong><a href=\"https://www.d20herosrd.com/4-skills#TOC-STEALTH\">Stealth</a></strong> in <a href=\"https://www.d20herosrd.com/4-skills\">Skills</a>) without any need for a <a href=\"https://www.d20herosrd.com/4-skills#TOC-DECEPTION\">Deception</a> or <a href=\"https://www.d20herosrd.com/4-skills#TOC-INTIMIDATION\">Intimidation</a> check or any sort of diversion, and without penalty to your <a href=\"https://www.d20herosrd.com/4-skills#TOC-STEALTH\">Stealth</a> check. You&rsquo;re literally there one moment, and gone the next. You must still have some form of cover or concealment within range of your normal movement speed in order to hide.</p>",
    "categories": {
      "combat": false,
      "general": false,
      "skill": true,
      "fortune": false
    },
    "isOwned": false
  },
  "sort": 2800000,
  "flags": {
    "exportSource": {
      "world": "test",
      "system": "mnm2",
      "coreVersion": "0.6.5",
      "systemVersion": "1.0.3"
    }
  },
  "img": "systems/mnm2/icons/advantage.png"
}