{
  "_id": "OJJiLcyBtybxp5A3",
  "name": "Improved Initiative",
  "type": "advantage",
  "data": {
    "summary": "+4 bonus to initiative checks per rank.",
    "ranked": true,
    "rank": 1,
    "maxRanks": null,
    "categories": {
      "combat": true,
      "general": false,
      "skill": false,
      "fortune": false
    },
    "description": "<p>You have a +4 bonus to your initiative checks per rank in this advantage.</p>",
    "isOwned": false
  },
  "sort": 3400000,
  "flags": {
    "exportSource": {
      "world": "test",
      "system": "mnm2",
      "coreVersion": "0.6.5",
      "systemVersion": "1.0.3"
    }
  },
  "img": "systems/mnm2/icons/advantage.png"
}