{
  "_id": "7wSHorzurGMFAcWG",
  "name": "Improved Trip",
  "type": "advantage",
  "data": {
    "summary": "No penalty for the trip action.",
    "ranked": false,
    "rank": null,
    "categories": {
      "combat": true,
      "general": false,
      "skill": false,
      "fortune": false
    },
    "description": "<p>You have no penalty to your attack check to trip an opponent and they do not get the opportunity to trip you. When making a trip attack, make an opposed check of your <a href=\"https://www.d20herosrd.com/4-skills#TOC-ACROBATICS-Agility\">Acrobatics</a> or <a href=\"https://www.d20herosrd.com/4-skills#TOC-ATHLETICS\">Athletics</a> against your opponent&rsquo;s <a href=\"https://www.d20herosrd.com/4-skills#TOC-ACROBATICS-Agility\">Acrobatics</a> or <a href=\"https://www.d20herosrd.com/4-skills#TOC-ATHLETICS\">Athletics</a>, you choose which your opponent uses to defend, rather than the target choosing (see <strong><a href=\"https://www.d20herosrd.com/9-gamemastering/8-action-adventure#TOC-TRIP-STANDARD-ACTION\">Trip</a></strong> in <a href=\"https://www.d20herosrd.com/9-gamemastering/8-action-adventure\">Action &amp; Adventure</a>). This is a good martial arts advantage for unarmed fighters.</p>",
    "isOwned": false
  },
  "sort": 3600000,
  "flags": {
    "exportSource": {
      "world": "test",
      "system": "mnm2",
      "coreVersion": "0.6.5",
      "systemVersion": "1.0.3"
    }
  },
  "img": "systems/mnm2/icons/advantage.png"
}