{
  "_id": "Wl7QlVQHeCIQZKVZ",
  "name": "Improved Disarm",
  "type": "advantage",
  "data": {
    "summary": "No penalty for the disarm action.",
    "ranked": false,
    "rank": null,
    "description": "<p>You have no penalty to your attack check when attempting to disarm an opponent and they do not get the opportunity to disarm you (see <strong><a href=\"https://www.d20herosrd.com/9-gamemastering/8-action-adventure#TOC-DISARM-STANDARD-ACTION\">Disarm</a></strong> in <a href=\"https://www.d20herosrd.com/9-gamemastering/8-action-adventure\">Action &amp; Adventure</a>).</p>",
    "categories": {
      "combat": true,
      "general": false,
      "skill": false,
      "fortune": false
    },
    "isOwned": false
  },
  "sort": 3200000,
  "flags": {
    "exportSource": {
      "world": "test",
      "system": "mnm2",
      "coreVersion": "0.6.5",
      "systemVersion": "1.0.3"
    }
  },
  "img": "systems/mnm2/icons/advantage.png"
}