{
  "_id": "dUBl8E3EsSsQ66Nt",
  "name": "Improved Critical",
  "type": "advantage",
  "data": {
    "summary": "+1 to critical threat range with an attack per rank.",
    "ranked": true,
    "rank": 1,
    "maxRanks": null,
    "categories": {
      "combat": true,
      "general": false,
      "skill": false,
      "fortune": false
    },
    "description": "<p>Increase your critical threat range with a particular attack (chosen when you acquire this advantage) by 1, allowing you to score a critical hit on a natural 19 or 20. Only a natural 20 is an automatic hit, however, and an attack that misses is not a critical. Each additional rank applies to a different attack or increases your threat range with an existing attack by one more, to a maximum threat range of 16-20 with 4 ranks.</p>",
    "isOwned": false
  },
  "sort": 3000000,
  "flags": {
    "exportSource": {
      "world": "test",
      "system": "mnm2",
      "coreVersion": "0.6.5",
      "systemVersion": "1.0.3"
    }
  },
  "img": "systems/mnm2/icons/advantage.png"
}