{
  "_id": "lWa9OfZv3HWHo4yU",
  "name": "Improved Defense",
  "type": "advantage",
  "data": {
    "summary": "+2 bonus to active defense when you take the defend action.",
    "ranked": false,
    "rank": null,
    "description": "<p>When you take the defend action in combat (see <strong><a href=\"https://www.d20herosrd.com/9-gamemastering/8-action-adventure#TOC-DEFEND-STANDARD-ACTION\">Defend</a></strong> in <a href=\"https://www.d20herosrd.com/9-gamemastering/8-action-adventure\">Action &amp; Adventure</a>) you gain a +2 circumstance bonus to your active defense checks for the round.</p>",
    "categories": {
      "combat": true,
      "general": false,
      "skill": false,
      "fortune": false
    },
    "isOwned": false
  },
  "sort": 3100000,
  "flags": {
    "exportSource": {
      "world": "test",
      "system": "mnm2",
      "coreVersion": "0.6.5",
      "systemVersion": "1.0.3"
    }
  },
  "img": "systems/mnm2/icons/advantage.png"
}