{
  "_id": "ZvRussN6NTHZKwWP",
  "name": "Improved Smash",
  "type": "advantage",
  "data": {
    "summary": "No penalty for the smash action.",
    "ranked": false,
    "rank": null,
    "categories": {
      "combat": true,
      "general": false,
      "skill": false,
      "fortune": false
    },
    "description": "<p>You have no penalty to attack checks to hit an object held by another character (see <strong><a href=\"https://www.d20herosrd.com/9-gamemastering/8-action-adventure#TOC-SMASH-STANDARD-ACTION\">Smash</a></strong> in <a href=\"https://www.d20herosrd.com/9-gamemastering/8-action-adventure\">Action &amp; Adventure</a>).</p>",
    "isOwned": false
  },
  "sort": 3500000,
  "flags": {
    "exportSource": {
      "world": "test",
      "system": "mnm2",
      "coreVersion": "0.6.5",
      "systemVersion": "1.0.3"
    }
  },
  "img": "systems/mnm2/icons/advantage.png"
}