{
  "_id": "o27fyciuoFCHMqXk",
  "name": "Improvised Weapon",
  "type": "advantage",
  "data": {
    "summary": "Use Close Combat: Unarmed skill with improvised weapons, +1 damage bonus.",
    "ranked": true,
    "rank": 1,
    "description": "<p>When wielding an improvised close combat weapon&mdash;anything from a chair to a telephone pole or entire car&mdash;you use your <a href=\"https://www.d20herosrd.com/4-skills#TOC-CLOSE-COMBAT\">Close Combat</a>: Unarmed skill bonus for attack checks with the &ldquo;weapon&rdquo; rather than relying on your general <a href=\"https://www.d20herosrd.com/4-skills#TOC-CLOSE-COMBAT\">Close Combat</a> skill bonus. Additional ranks in this advantage give you a +1 bonus to <a href=\"https://www.d20herosrd.com/9-gamemastering/8-action-adventure#TOC-DAMAGE\">Damage</a> with improvised weapons per rank. Your maximum <a href=\"https://www.d20herosrd.com/9-gamemastering/8-action-adventure#TOC-DAMAGE\">Damage</a> bonus is still limited by power level, as usual.</p>",
    "maxRanks": null,
    "categories": {
      "combat": true,
      "general": false,
      "skill": false,
      "fortune": false
    },
    "isOwned": false
  },
  "sort": 3800000,
  "flags": {
    "exportSource": {
      "world": "test",
      "system": "mnm2",
      "coreVersion": "0.6.5",
      "systemVersion": "1.0.3"
    }
  },
  "img": "systems/mnm2/icons/advantage.png"
}