{
  "_id": "8TBQE1SJsCv5ZwcD",
  "name": "Improvised Tools",
  "type": "advantage",
  "data": {
    "summary": "No penalty for using skills without tools.",
    "ranked": false,
    "rank": null,
    "categories": {
      "skill": true,
      "general": false,
      "combat": false,
      "fortune": false
    },
    "description": "<p>You ignore the circumstance penalty for using skills without proper tools, since you can improvise sufficient tools with whatever is at hand. If you&rsquo;re forced to work without tools at all, you suffer only a &ndash;2 penalty.</p>",
    "isOwned": false
  },
  "sort": 3700000,
  "flags": {
    "exportSource": {
      "world": "test",
      "system": "mnm2",
      "coreVersion": "0.6.5",
      "systemVersion": "1.0.3"
    }
  },
  "img": "systems/mnm2/icons/advantage.png"
}