{
  "_id": "bvOhnsaCpoTEulYr",
  "name": "Improved Grab",
  "type": "advantage",
  "data": {
    "summary": "Make grab attacks with one arm.  Not vulnerable while grabbing.",
    "ranked": false,
    "rank": null,
    "description": "<p>You can make grab attacks with only one arm, leaving the other free. You can also maintain the grab while using your other hand to perform actions. You are not vulnerable while grabbing (see <strong>Grabbing</strong> in <a href=\"https://www.d20herosrd.com/9-gamemastering/8-action-adventure\">Action &amp; Adventure</a>).</p>",
    "categories": {
      "combat": true,
      "general": false,
      "skill": false,
      "fortune": false
    },
    "isOwned": false
  },
  "sort": 3300000,
  "flags": {
    "exportSource": {
      "world": "test",
      "system": "mnm2",
      "coreVersion": "0.6.5",
      "systemVersion": "1.0.3"
    }
  },
  "img": "systems/mnm2/icons/advantage.png"
}