{
  "_id": "99ogTEWtrTVtKRut",
  "name": "Improved Aim",
  "type": "advantage",
  "data": {
    "summary": "Double circumstance bonuses for aiming.",
    "ranked": false,
    "rank": null,
    "categories": {
      "combat": true,
      "general": false,
      "skill": false,
      "fortune": false
    },
    "description": "<p>You have an even keener eye when it comes to ranged combat. When you take a standard action to aim, you gain double the normal circumstance bonus: +10 for a close attack or ranged attack adjacent to the target, +5 for a ranged attack at a greater distance. See <strong><a href=\"https://www.d20herosrd.com/9-gamemastering/8-action-adventure#TOC-AIM-STANDARD-ACTION\">Aim</a></strong> for details.</p>",
    "isOwned": false
  },
  "sort": 2900000,
  "flags": {
    "exportSource": {
      "world": "test",
      "system": "mnm2",
      "coreVersion": "0.6.5",
      "systemVersion": "1.0.3"
    }
  },
  "img": "systems/mnm2/icons/advantage.png"
}