{
  "_id": "1DimtouF3pqBgn8i",
  "name": "Inspire",
  "type": "advantage",
  "data": {
    "summary": "Spend a hero point to grant allies a +1 circumstance bonus per rank.",
    "ranked": true,
    "rank": 1,
    "description": "<p>You can inspire your allies to greatness. Once per scene, by taking a standard action and spending a Victory point, allies able to interact with you gain a +1 circumstance bonus per <a href=\"https://www.d20herosrd.com/5-advantages#TOC-INSPIRE-FORTUNE-RANKED-5-\">Inspire</a> rank on all checks until the start of your next round, with a maximum bonus of +5. You do not gain the bonus, only your allies do. The inspiration bonus ignores power level limits, like other uses of Victory points. Multiple uses of <a href=\"https://www.d20herosrd.com/5-advantages#TOC-INSPIRE-FORTUNE-RANKED-5-\">Inspire</a> do not stack, only the highest bonus applies.</p>",
    "maxRanks": null,
    "categories": {
      "skill": false,
      "general": false,
      "combat": false,
      "fortune": true
    },
    "isOwned": false
  },
  "sort": 3900000,
  "flags": {
    "exportSource": {
      "world": "test",
      "system": "mnm2",
      "coreVersion": "0.6.5",
      "systemVersion": "1.0.3"
    }
  },
  "img": "systems/mnm2/icons/advantage.png"
}