{
  "_id": "rUPG1VQLst54H4Js",
  "name": "Instant Up",
  "type": "advantage",
  "data": {
    "summary": "Stand from prone as a free action.",
    "ranked": false,
    "rank": null,
    "categories": {
      "general": true,
      "skill": false,
      "combat": false,
      "fortune": false
    },
    "description": "<p>You can go from prone to standing as a free action without the need for an <a href=\"https://www.d20herosrd.com/4-skills#TOC-ACROBATICS-Agility\">Acrobatics</a> skill check.</p>",
    "isOwned": false
  },
  "sort": 4000000,
  "flags": {
    "exportSource": {
      "world": "test",
      "system": "mnm2",
      "coreVersion": "0.6.5",
      "systemVersion": "1.0.3"
    }
  },
  "img": "systems/mnm2/icons/advantage.png"
}