{
  "_id": "Rd3QWmcdjBs99CH5",
  "name": "Interpose",
  "type": "advantage",
  "data": {
    "summary": "Take an attack meant for an ally.",
    "ranked": false,
    "rank": null,
    "description": "<p>Once per round, when an ally within range of your normal movement is hit by an attack, you can choose to place yourself between the attacker and your ally as a reaction, making you the target of the attack instead. The attack hits you rather than your ally, and you suffer the effects normally. You cannot use this advantage against area effects or perception range attacks, only those requiring an attack check.</p>",
    "categories": {
      "combat": false,
      "general": true,
      "skill": false,
      "fortune": false
    },
    "isOwned": false
  },
  "sort": 4050000,
  "flags": {
    "exportSource": {
      "world": "test",
      "system": "mnm2",
      "coreVersion": "0.6.5",
      "systemVersion": "1.0.3"
    }
  },
  "img": "systems/mnm2/icons/advantage.png"
}