{
  "_id": "5UHr7wNTx4fMssB9",
  "name": "Inventor",
  "type": "advantage",
  "data": {
    "summary": "Use Technology to create temporary devices.",
    "ranked": false,
    "rank": null,
    "description": "<p>You can use the <a href=\"https://www.d20herosrd.com/4-skills#TOC-TECHNOLOGY\">Technology</a> skill to create inventions. See <strong><a href=\"https://www.d20herosrd.com/7-gadgets-gear#TOC-INVENTING\">Inventing</a></strong> for details.</p>",
    "categories": {
      "skill": true,
      "general": false,
      "combat": false,
      "fortune": false
    },
    "isOwned": false
  },
  "sort": 4600000,
  "flags": {
    "exportSource": {
      "world": "test",
      "system": "mnm2",
      "coreVersion": "0.6.5",
      "systemVersion": "1.0.3"
    }
  },
  "img": "systems/mnm2/icons/advantage.png"
}