{
  "_id": "qo9T3sRX9oGhSwQA",
  "name": "Languages",
  "type": "advantage",
  "data": {
    "summary": "Speak and understand additional languages.",
    "ranked": true,
    "rank": 1,
    "maxRanks": null,
    "categories": {
      "skill": true,
      "general": false,
      "combat": false,
      "fortune": false
    },
    "description": "<h3>Literacy</h3>\n<p>Characters are assumed to be literate in their native language and any other language they know. At the <a href=\"https://www.d20herosrd.com/#TOC-GAMEMASTERS\" rel=\"nofollow\">GM&rsquo;s</a> discretion, characters may have to spend an additional <a href=\"https://www.d20herosrd.com/5-advantages#TOC-LANGUAGES-SKILL-RANKED-\">Languages</a> rank to be literate in a language with a different alphabet or style of writing from the character&rsquo;s native language (such as Arabic, Japanese kanji or Russian Cyrillic for an English speaker). Completely illiterate characters are faced with a potential Disability complication during the game.</p>\n<h3>The Language Barrier</h3>\n<p>Generally speaking, languages are not terribly important in comic book superhero stories except as background color or occasional plot complications. Gamemasters should allow players with characters fluent in other languages the occasional opportunity to show them off or put them to good use. If you specifically set up the language barrier as an obstacle by confronting the heroes with a language they cannot possibly understand, that should count as a complication and be worth a Victory point.</p>\n<p>You can speak and understand additional languages. With one rank in this advantage, you know an additional language. For each additional rank, you double your additional known languages: two at rank 2, four at rank 3, eight at rank 4, etc. So a character with <a href=\"https://www.d20herosrd.com/5-advantages#TOC-LANGUAGES-SKILL-RANKED-\">Languages</a> 7 is fluent in 64 languages! Characters are assumed to be fluent in any languages they know, including being able to read and write in them.</p>\n<p>For the ability to understand any language, see <strong><a href=\"https://www.d20herosrd.com/6-powers/effects/effect-descriptions/comprehend-sensory\">Comprehend</a></strong> effect in <a href=\"https://www.d20herosrd.com/6-powers\">Powers</a>.</p>",
    "isOwned": false
  },
  "sort": 4200000,
  "flags": {
    "exportSource": {
      "world": "test",
      "system": "mnm2",
      "coreVersion": "0.6.5",
      "systemVersion": "1.0.3"
    }
  },
  "img": "systems/mnm2/icons/advantage.png"
}