{
  "_id": "syD7tbRcwacnEUbs",
  "name": "Luck",
  "type": "advantage",
  "data": {
    "summary": "Re-roll a die once per rank.",
    "ranked": true,
    "rank": 1,
    "description": "<p>Once per round, you can choose to reroll a die roll, like spending a Victory point (see <strong>Victory points</strong>), including adding 10 to rerolls of 10 or less. You can do this a number of times per game session equal to your <a href=\"https://www.d20herosrd.com/5-advantages#TOC-LUCK-FORTUNE-RANKED-1-2-PL-\">Luck</a> rank, with a maximum rank of half the series power level (rounded down). Your <a href=\"https://www.d20herosrd.com/5-advantages#TOC-LUCK-FORTUNE-RANKED-1-2-PL-\">Luck</a> ranks refresh when your Victory points &ldquo;reset&rdquo; at the start of an adventure. The <a href=\"https://www.d20herosrd.com/#TOC-GAMEMASTERS\" rel=\"nofollow\">GM</a> may choose to set a different limit on ranks in this advantage, depending on the series.</p>",
    "maxRanks": null,
    "categories": {
      "fortune": true,
      "general": false,
      "skill": false,
      "combat": false
    },
    "isOwned": false
  },
  "sort": 4400000,
  "flags": {
    "exportSource": {
      "world": "test",
      "system": "mnm2",
      "coreVersion": "0.6.5",
      "systemVersion": "1.0.3"
    }
  },
  "img": "systems/mnm2/icons/advantage.png"
}