{
  "_id": "lx5PR9M6uRySQEtN",
  "name": "Minion",
  "type": "advantage",
  "data": {
    "summary": "Gain a follower or minion with (15xrank) power points.",
    "ranked": true,
    "rank": 1,
    "maxRanks": null,
    "categories": {
      "general": true,
      "skill": false,
      "combat": false,
      "fortune": false
    },
    "description": "<p>You have a follower or minion. This minion is an independent character with a Character point total of (advantage rank x 15). <a href=\"https://www.d20herosrd.com/9-gamemastering/8-action-adventure#TOC-MINIONS\">Minions</a> are subject to the normal power level limits, and cannot have minions themselves. Your minions (if capable of independent thought) automatically have a helpful attitude toward you. They are subject to the normal rules for minions (see <a href=\"https://www.d20herosrd.com/9-gamemastering/8-action-adventure\"><strong>Minions</strong></a>).</p>\n<p><a href=\"https://www.d20herosrd.com/8-action-adventure#TOC-MINIONS\" rel=\"nofollow\">Minions</a> do not earn Character points. Instead, you must spend earned Character points to increase your rank in this advantage to improve the minion&rsquo;s Character point total and traits. <a href=\"https://www.d20herosrd.com/8-action-adventure#TOC-MINIONS\" rel=\"nofollow\">Minions</a> also do not have Victory points. Any lost minions are replaced in between adventures with other followers with similar abilities at the <a href=\"https://www.d20herosrd.com/#TOC-GAMEMASTERS\" rel=\"nofollow\">Gamemaster&rsquo;s</a> discretion.</p>",
    "isOwned": false
  },
  "sort": 4500000,
  "flags": {
    "exportSource": {
      "world": "test",
      "system": "mnm2",
      "coreVersion": "0.6.5",
      "systemVersion": "1.0.3"
    }
  },
  "img": "systems/mnm2/icons/advantage.png"
}