{
  "_id": "aukcwVWWFZhQ71Wz",
  "name": "Move-by Action",
  "type": "advantage",
  "data": {
    "summary": "Move both before and after your standard action.",
    "ranked": false,
    "rank": null,
    "description": "<p>When taking a standard action and a move action you can move both before and after your standard action, provided the total distance moved isn&rsquo;t greater than your normal movement speed.</p>",
    "categories": {
      "combat": true,
      "general": false,
      "skill": false,
      "fortune": false
    },
    "isOwned": false
  },
  "sort": 4700000,
  "flags": {
    "exportSource": {
      "world": "test",
      "system": "mnm2",
      "coreVersion": "0.6.5",
      "systemVersion": "1.0.3"
    }
  },
  "img": "systems/mnm2/icons/advantage.png"
}