{
  "_id": "9ktvGVD1a22R9Fyv",
  "name": "Precise Attack",
  "type": "advantage",
  "data": {
    "summary": "Ignore attack check penalties for either cover or concealment.",
    "description": "<p>When you make close or ranged attacks (choose one) you ignore attack check penalties for cover or concealment (choose one), although total cover still prevents you from making attacks. Each additional rank in this advantage lets you choose an additional option, so with <a href=\"https://www.d20herosrd.com/5-advantages#TOC-PRECISE-ATTACK-COMBAT-RANKED-4-\">Precise Attack</a> 4, all your attacks (both close and ranged) ignore penalties for both cover and concealment.</p>",
    "ranked": true,
    "rank": null,
    "maxRank": null,
    "categories": {
      "general": false,
      "skill": false,
      "combat": true,
      "fortune": false
    },
    "maxRanks": 4,
    "isOwned": false
  },
  "sort": 5000000,
  "flags": {
    "exportSource": {
      "world": "test",
      "system": "mnm2",
      "coreVersion": "0.6.5",
      "systemVersion": "1.0.3"
    }
  },
  "img": "systems/mnm2/icons/advantage.png"
}