{
  "_id": "NkRANW8XOkIW8fbz",
  "name": "Prone Fighting",
  "type": "advantage",
  "data": {
    "summary": "No penalties for fighting while prone.",
    "ranked": false,
    "rank": null,
    "description": "<p>You suffer no circumstance penalty to attack checks for being prone, and adjacent opponents do not gain the usual circumstance bonus for close attacks against you.</p>",
    "categories": {
      "combat": true,
      "general": false,
      "skill": false,
      "fortune": false
    },
    "isOwned": false
  },
  "sort": 5100000,
  "flags": {
    "exportSource": {
      "world": "test",
      "system": "mnm2",
      "coreVersion": "0.6.5",
      "systemVersion": "1.0.3"
    }
  },
  "img": "systems/mnm2/icons/advantage.png"
}