{
  "_id": "FLxAePb1aEptQkR9",
  "name": "Ranged Attack",
  "type": "advantage",
  "data": {
    "summary": "+1 bonus to ranged attack checks per rank.",
    "ranked": true,
    "rank": 1,
    "description": "<p>You have a +1 bonus to ranged attacks checks per rank in this advantage. Your total attack bonus is still limited by power level.</p>",
    "maxRanks": null,
    "categories": {
      "combat": true,
      "general": false,
      "skill": false,
      "fortune": false
    },
    "isOwned": false
  },
  "sort": 5300000,
  "flags": {
    "exportSource": {
      "world": "test",
      "system": "mnm2",
      "coreVersion": "0.6.5",
      "systemVersion": "1.0.3"
    }
  },
  "img": "systems/mnm2/icons/advantage.png"
}