{
  "_id": "lidKrF5n4u4NEQJB",
  "name": "Redirect",
  "type": "advantage",
  "data": {
    "summary": "Use Deception to redirect a missed attack at another target.",
    "ranked": false,
    "rank": null,
    "categories": {
      "combat": true,
      "general": false,
      "skill": false,
      "fortune": false
    },
    "description": "<p>If you successfully trick an opponent (see <strong>Trick</strong> under <strong><a href=\"https://www.d20herosrd.com/4-skills#TOC-DECEPTION\">Deception</a></strong> in <a href=\"https://www.d20herosrd.com/4-skills\">Skills</a>), you can redirect a missed attack against you from that opponent at another target as a reaction. The new target must be adjacent to you and within range of the attack. The attacker makes a new attack check with the same modifiers as the first against the new target.</p>",
    "isOwned": false
  },
  "sort": 5400000,
  "flags": {
    "exportSource": {
      "world": "test",
      "system": "mnm2",
      "coreVersion": "0.6.5",
      "systemVersion": "1.0.3"
    }
  },
  "img": "systems/mnm2/icons/advantage.png"
}