{
  "_id": "seqTTjhqJggutYK8",
  "name": "Ritualist",
  "type": "advantage",
  "data": {
    "summary": "Use Expertise (Magic) to create and perform rituals.",
    "ranked": false,
    "rank": null,
    "description": "<p>You can use the <a href=\"https://www.d20herosrd.com/4-skills#TOC-EXPERTISE\">Expertise</a>: <a href=\"https://www.d20herosrd.com/6-powers/effects/sample-powers/magic\">Magic</a> skill to create and cast magical rituals (see <strong><a href=\"https://www.d20herosrd.com/6-powers/effects/sample-powers/magic\">Magic</a> Rituals</strong>). This advantage is often a back-up or secondary magical power for superhuman sorcerers, and may be the only form of magic available to some &ldquo;dabbler&rdquo; types.</p>",
    "categories": {
      "skill": true,
      "general": false,
      "combat": false,
      "fortune": false
    },
    "isOwned": false
  },
  "sort": 5500000,
  "flags": {
    "exportSource": {
      "world": "test",
      "system": "mnm2",
      "coreVersion": "0.6.5",
      "systemVersion": "1.0.3"
    }
  },
  "img": "systems/mnm2/icons/advantage.png"
}