{
  "_id": "uKYIJrXEzlKnfBMe",
  "name": "Set-up",
  "type": "advantage",
  "data": {
    "summary": "Transfer the benefit of an interaction skill to an ally.",
    "ranked": true,
    "rank": 1,
    "maxRanks": null,
    "categories": {
      "general": false,
      "skill": false,
      "combat": true,
      "fortune": false
    },
    "description": "<p>You can transfer the benefits of a successful combat use of an interaction skill to your teammate(s). For example, you can feint and have your target vulnerable against one or more allies next attack(s), rather than yours. Each rank in the advantage lets you transfer the benefit to one ally. The interaction skill check requires its normal action, and the affected allies must be capable of interacting with you (or at least seeing the set-up) to benefit from it.</p>",
    "isOwned": false
  },
  "sort": 5800000,
  "flags": {
    "exportSource": {
      "world": "test",
      "system": "mnm2",
      "coreVersion": "0.6.5",
      "systemVersion": "1.0.3"
    }
  },
  "img": "systems/mnm2/icons/advantage.png"
}