{
  "_id": "gebLUwXcjsbq7pU9",
  "name": "Sidekick",
  "type": "advantage",
  "data": {
    "summary": "Gain a sidekick with (5 x rank) power points.",
    "ranked": true,
    "rank": 1,
    "description": "<p>You have another character serving as your partner and aide. <a href=\"https://www.d20herosrd.com/6-powers/effects/effect-descriptions/create-control\">Create</a> your sidekick as an independent character with (advantage rank x 5) Character points, and subject to the series power level. A sidekick&rsquo;s Character point total must be less than yours. Your sidekick is an NPC, but automatically helpful and loyal to you. Gamemasters should generally allow you to control your sidekick, although sidekicks remain NPCs and the <a href=\"https://www.d20herosrd.com/#TOC-GAMEMASTERS\" rel=\"nofollow\">GM</a> has final say in their actions.</p>\n<p>Sidekicks do not earn Character points. Instead, you must spend earned Character points to increase your rank in Side-kick to improve the sidekick&rsquo;s Character point total and traits; each point you spend to increase your rank in <a href=\"https://www.d20herosrd.com/5-advantages#TOC-SIDEKICK-GENERAL-RANKED-\">Sidekick</a> grants the sidekick 5 additional Character points. Sidekicks also do not have Victory points, but you can spend your own Victory points on the sidekick&rsquo;s behalf with the usual benefits. Sidekicks are not minions, but full-fledged characters, so they are not subject to the minion rules.</p>",
    "maxRanks": null,
    "categories": {
      "general": true,
      "skill": false,
      "combat": false,
      "fortune": false
    },
    "isOwned": false
  },
  "sort": 5900000,
  "flags": {
    "exportSource": {
      "world": "test",
      "system": "mnm2",
      "coreVersion": "0.6.5",
      "systemVersion": "1.0.3"
    }
  },
  "img": "systems/mnm2/icons/advantage.png"
}