{
  "_id": "PDSHo9mLIu3Rs5M2",
  "name": "Skill Mastery",
  "type": "advantage",
  "data": {
    "summary": "Make routine checks with one skill under any circumstances.",
    "ranked": false,
    "rank": null,
    "categories": {
      "skill": true,
      "general": false,
      "combat": false,
      "fortune": false
    },
    "description": "<p>Choose a skill. You can make routine checks with that skill even when under pressure (see <strong><a href=\"https://www.d20herosrd.com/#TOC-ROUTINE-CHECKS\" rel=\"nofollow\">Routine Checks</a></strong> in <a href=\"https://www.d20herosrd.com/home\">The Basics</a>). This advantage does not allow you to make routine checks with skills that do not normally allow you to do so. You can take this advantage multiple times for different skills.</p>",
    "isOwned": false
  },
  "sort": 6000000,
  "flags": {
    "exportSource": {
      "world": "test",
      "system": "mnm2",
      "coreVersion": "0.6.5",
      "systemVersion": "1.0.3"
    }
  },
  "img": "systems/mnm2/icons/advantage.png"
}