{
  "_id": "KbLSKvQTgmStnfcu",
  "name": "Startle",
  "type": "advantage",
  "data": {
    "summary": "Use Intimidation to feint during combat.",
    "ranked": false,
    "rank": null,
    "description": "<p>You can use <a href=\"https://www.d20herosrd.com/4-skills#TOC-INTIMIDATION\">Intimidation</a> rather than <a href=\"https://www.d20herosrd.com/4-skills#TOC-DECEPTION\">Deception</a> to feint in combat (see <strong><a href=\"https://www.d20herosrd.com/9-gamemastering/8-action-adventure#TOC-FEINT\">Feint</a></strong> under the <strong><a href=\"https://www.d20herosrd.com/4-skills#TOC-DECEPTION\">Deception</a></strong> Skill description). Targets resist with <a href=\"https://www.d20herosrd.com/4-skills#TOC-INSIGHT\">Insight</a>, <a href=\"https://www.d20herosrd.com/4-skills#TOC-INTIMIDATION\">Intimidation</a>, or <a href=\"https://www.d20herosrd.com/3-abilities#TOC-WILL\">Will</a> defense.</p>",
    "categories": {
      "skill": true,
      "general": false,
      "combat": false,
      "fortune": false
    },
    "isOwned": false
  },
  "sort": 6100000,
  "flags": {
    "exportSource": {
      "world": "test",
      "system": "mnm2",
      "coreVersion": "0.6.5",
      "systemVersion": "1.0.3"
    }
  },
  "img": "systems/mnm2/icons/advantage.png"
}