{
  "_id": "Evcuagd7ZG26Tn1m",
  "name": "Takedown",
  "type": "advantage",
  "data": {
    "summary": "Free extra attack when you incapacitate a minion.",
    "ranked": true,
    "rank": 1,
    "maxRanks": 2,
    "categories": {
      "general": false,
      "skill": false,
      "combat": true,
      "fortune": false
    },
    "description": "<p>If you render a minion incapacitated with an attack, you get an immediate extra attack as a free action against another minion within range and adjacent to the previous target&rsquo;s location. The extra attack is with the same attack and bonus as the first. You can continue using this advantage until you miss or there are no more minions within range of your attack or your last target.</p>\n<p>A second rank in this advantage allows you to attack non-adjacent minion targets, moving between attacks if necessary to do so. You cannot move more than your total speed in the round, regardless of the number of attacks you make. You stop attacking once you miss, run out of movement, or there are no more minions within range of your attack.</p>",
    "isOwned": false
  },
  "sort": 6200000,
  "flags": {
    "exportSource": {
      "world": "test",
      "system": "mnm2",
      "coreVersion": "0.6.5",
      "systemVersion": "1.0.3"
    }
  },
  "img": "systems/mnm2/icons/advantage.png"
}