{
  "_id": "H5homjv5eun2MdKk",
  "name": "Taunt",
  "type": "advantage",
  "data": {
    "summary": "Use Deception to demoralize in combat.",
    "ranked": false,
    "rank": null,
    "description": "<p>You can demoralize an opponent with <a href=\"https://www.d20herosrd.com/4-skills#TOC-DECEPTION\">Deception</a> rather than <a href=\"https://www.d20herosrd.com/4-skills#TOC-INTIMIDATION\">Intimidation</a> (see <strong><a href=\"https://www.d20herosrd.com/9-gamemastering/8-action-adventure#TOC-DEMORALIZE\">Demoralize</a></strong> use of <strong><a href=\"https://www.d20herosrd.com/4-skills#TOC-INTIMIDATION\">Intimidation</a> Skill</strong>), disparaging and undermining confidence rather than threatening. Targets resist using <a href=\"https://www.d20herosrd.com/4-skills#TOC-DECEPTION\">Deception</a>, <a href=\"https://www.d20herosrd.com/4-skills#TOC-INSIGHT\">Insight</a>, or <a href=\"https://www.d20herosrd.com/3-abilities#TOC-WILL\">Will</a> defense.</p>",
    "categories": {
      "general": false,
      "skill": true,
      "combat": false,
      "fortune": false
    },
    "isOwned": false
  },
  "sort": 6300000,
  "flags": {
    "exportSource": {
      "world": "test",
      "system": "mnm2",
      "coreVersion": "0.6.5",
      "systemVersion": "1.0.3"
    }
  },
  "img": "systems/mnm2/icons/advantage.png"
}