{
  "_id": "HCIOu2bc87of0cus",
  "name": "Teamwork",
  "type": "advantage",
  "data": {
    "summary": "+5 bonus to support team checks.",
    "ranked": false,
    "rank": null,
    "description": "<p>You&rsquo;re effective at helping out your friends. When you support a team check (see <strong>Team <a href=\"https://www.d20herosrd.com/#TOC-CHECKS\" rel=\"nofollow\">Checks</a></strong> in <a href=\"https://www.d20herosrd.com/home\">The Basics</a>) you have a +5 circumstance bonus to your check. This bonus also applies to the <a href=\"https://www.d20herosrd.com/9-gamemastering/8-action-adventure#TOC-AID-STANDARD-ACTION\">Aid</a> action and Team <a href=\"https://www.d20herosrd.com/9-gamemastering/8-action-adventure#TOC-ATTACKS\">Attacks</a>.</p>",
    "categories": {
      "general": true,
      "skill": false,
      "combat": false,
      "fortune": false
    },
    "isOwned": false
  },
  "sort": 6400000,
  "flags": {
    "exportSource": {
      "world": "test",
      "system": "mnm2",
      "coreVersion": "0.6.5",
      "systemVersion": "1.0.3"
    }
  },
  "img": "systems/mnm2/icons/advantage.png"
}