{
  "_id": "mMreT54ADeWspgIN",
  "name": "Throwing Mastery",
  "type": "advantage",
  "data": {
    "summary": "+1 damage bonus with thrown weapons per rank.",
    "ranked": true,
    "rank": 1,
    "maxRanks": null,
    "categories": {
      "combat": true,
      "general": false,
      "skill": false,
      "fortune": false
    },
    "description": "<p>You have a +1 damage bonus with thrown weapons per rank in this advantage. You can also throw normally harmless objects&mdash;playing cards, pens, paper clips, and so forth&mdash;as weapons with a damage bonus equal to your advantage rank and range based on the higher of your advantage rank or <a href=\"https://www.d20herosrd.com/3-abilities#TOC-STRENGTH-STR-\">Strength</a> (see <strong><a href=\"https://www.d20herosrd.com/6-powers/effects/effect-descriptions/senses-sensory#TOC-RANGED-1-RANK\">Ranged</a></strong> in <a href=\"https://www.d20herosrd.com/6-powers\">Powers</a>). Your maximum damage bonus with any given weapon or attack is still limited by power level.</p>",
    "isOwned": false
  },
  "sort": 6500000,
  "flags": {
    "exportSource": {
      "world": "test",
      "system": "mnm2",
      "coreVersion": "0.6.5",
      "systemVersion": "1.0.3"
    }
  },
  "img": "systems/mnm2/icons/advantage.png"
}