{
  "_id": "XXCgYZ9SlMinfDQB",
  "name": "Trance",
  "type": "advantage",
  "data": {
    "summary": "Go into a deathlike trance that slows bodily functions.",
    "ranked": false,
    "rank": null,
    "categories": {
      "general": true,
      "skill": false,
      "combat": false,
      "fortune": false
    },
    "description": "<p>Through breathing and bodily control, you can slip into a deep trance. This takes a minute of uninterrupted meditation and a <a href=\"https://www.d20herosrd.com/#TOC-DIFFICULTY-CLASS\" rel=\"nofollow\">DC</a> 15 <a href=\"https://www.d20herosrd.com/3-abilities#TOC-AWARENESS-AWE-\">Awareness</a> check. While in the trance you add your <a href=\"https://www.d20herosrd.com/3-abilities#TOC-AWARENESS-AWE-\">Awareness</a> rank to your <a href=\"https://www.d20herosrd.com/3-abilities#TOC-STAMINA-STA-\">Stamina</a> rank to determine how long you can hold your breath and you use the higher of your <a href=\"https://www.d20herosrd.com/3-abilities#TOC-FORTITUDE\">Fortitude</a> or <a href=\"https://www.d20herosrd.com/3-abilities#TOC-WILL\">Will</a> defenses for resistance checks against suffocation (see <strong><a href=\"https://www.d20herosrd.com/9-gamemastering/8-action-adventure#TOC-SUFFOCATION\">Suffocation</a></strong>). <a href=\"https://www.d20herosrd.com/9-gamemastering/8-action-adventure#TOC-POISON\">Poison</a> and disease effects are suspended for the duration of the trance. It requires a <a href=\"https://www.d20herosrd.com/4-skills#TOC-PERCEPTION\">Perception</a> check with a <a href=\"https://www.d20herosrd.com/#TOC-DIFFICULTY-CLASS\" rel=\"nofollow\">DC</a> equal to your <a href=\"https://www.d20herosrd.com/3-abilities#TOC-AWARENESS-AWE-\">Awareness</a> check result to determine you&rsquo;re not dead because your bodily functions are so slow. You are aware of your surroundings while in trance and can come out of it at any time at will. You cannot take any actions while in the trance, but your <a href=\"https://www.d20herosrd.com/#TOC-GAMEMASTERS\" rel=\"nofollow\">GM</a> may allow mental communication while in a trance.</p>",
    "isOwned": false
  },
  "sort": 6700000,
  "flags": {
    "exportSource": {
      "world": "test",
      "system": "mnm2",
      "coreVersion": "0.6.5",
      "systemVersion": "1.0.3"
    }
  },
  "img": "systems/mnm2/icons/advantage.png"
}