{
  "_id": "xH5Nt0VN7n68vlrZ",
  "name": "Uncanny Dodge",
  "type": "advantage",
  "data": {
    "summary": "Not vulnerable when surprised or caught off-guard.",
    "ranked": false,
    "rank": null,
    "description": "<p>You are especially attuned to danger. You are not vulnerable when surprised or otherwise caught off-guard. You are still made vulnerable by effects that limit your mobility.</p>",
    "categories": {
      "combat": true,
      "general": false,
      "skill": false,
      "fortune": false
    },
    "isOwned": false
  },
  "sort": 6900000,
  "flags": {
    "exportSource": {
      "world": "test",
      "system": "mnm2",
      "coreVersion": "0.6.5",
      "systemVersion": "1.0.3"
    }
  },
  "img": "systems/mnm2/icons/advantage.png"
}