{
  "_id": "9jx3AhcEPKpZLnKH",
  "name": "Weapon Break",
  "type": "advantage",
  "data": {
    "summary": "Free smash attack when you actively defend.",
    "ranked": false,
    "rank": null,
    "description": "<p>If you take the defend action (see <strong><a href=\"https://www.d20herosrd.com/9-gamemastering/8-action-adventure#TOC-DEFEND-STANDARD-ACTION\">Defend</a></strong> in <a href=\"https://www.d20herosrd.com/9-gamemastering/8-action-adventure\">Action &amp; Adventure</a>) and successfully defend against a close weapon attack, you can make an attack against the attacker&rsquo;s weapon immediately as a reaction. This requires an attack check and inflicts normal damage to the weapon if it hits (see <strong><a href=\"https://www.d20herosrd.com/9-gamemastering/8-action-adventure#TOC-SMASH-STANDARD-ACTION\">Smash</a></strong> in <a href=\"https://www.d20herosrd.com/9-gamemastering/8-action-adventure\">Action &amp; Adventure</a>).</p>",
    "categories": {
      "combat": true,
      "general": false,
      "skill": false,
      "fortune": false
    },
    "isOwned": false
  },
  "sort": 7100000,
  "flags": {
    "exportSource": {
      "world": "test",
      "system": "mnm2",
      "coreVersion": "0.6.5",
      "systemVersion": "1.0.3"
    }
  },
  "img": "systems/mnm2/icons/advantage.png"
}