{
  "_id": "NIPvcSmBlP3juaan",
  "name": "Weapon Bind",
  "type": "advantage",
  "data": {
    "summary": "Free disarm attempt when you actively defend.",
    "ranked": false,
    "rank": null,
    "description": "<p>If you take the defend action (see <strong><a href=\"https://www.d20herosrd.com/9-gamemastering/8-action-adventure#TOC-DEFEND-STANDARD-ACTION\">Defend</a></strong> in <a href=\"https://www.d20herosrd.com/9-gamemastering/8-action-adventure\">Action &amp; Adventure</a>) and successfully defend against a close weapon attack, you can make a disarm attempt against the attacker immediately as a reaction. The disarm attempt is carried out normally, including the attacker getting the opportunity to disarm you.</p>",
    "categories": {
      "combat": true,
      "general": false,
      "skill": false,
      "fortune": false
    },
    "isOwned": false
  },
  "sort": 7000000,
  "flags": {
    "exportSource": {
      "world": "test",
      "system": "mnm2",
      "coreVersion": "0.6.5",
      "systemVersion": "1.0.3"
    }
  },
  "img": "systems/mnm2/icons/advantage.png"
}