{
  "_id": "ulgiz1VgXmujKSU3",
  "name": "Well-Informed",
  "type": "advantage",
  "data": {
    "summary": "Immediate Investigation or Persuasion check to know something.",
    "ranked": false,
    "rank": null,
    "categories": {
      "skill": true,
      "general": false,
      "combat": false,
      "fortune": false
    },
    "description": "<p>You are exceptionally well-informed. When encountering an individual, group, or organization for the first time, you can make an immediate <a href=\"https://www.d20herosrd.com/4-skills#TOC-INVESTIGATION\">Investigation</a> or <a href=\"https://www.d20herosrd.com/4-skills#TOC-PERSUASION\">Persuasion</a> skill check to see if your character has heard something about the subject. Use the guidelines for gathering information in the <strong><a href=\"https://www.d20herosrd.com/4-skills#TOC-INVESTIGATION\">Investigation</a></strong> Skill description to determine the level of information you gain. You receive only one check per subject upon first encountering them, although the <a href=\"https://www.d20herosrd.com/#TOC-GAMEMASTERS\" rel=\"nofollow\">GM</a> may allow another upon encountering the subject again once significant time has passed.</p>",
    "isOwned": false
  },
  "sort": 7300000,
  "flags": {
    "exportSource": {
      "world": "test",
      "system": "mnm2",
      "coreVersion": "0.6.5",
      "systemVersion": "1.0.3"
    }
  },
  "img": "systems/mnm2/icons/advantage.png"
}