{
  "_id": "w3e17Kl7w4UxH19t",
  "name": "Battle Droid",
  "type": "character",
  "data": {
    "PLWARNabilityskill:": "",
    "PPSummary": "Abilities[-30] Defenses[10] Skills[6] ",
    "powerlevel": 5,
    "powerpoints": {
      "value": -14,
      "min": 0,
      "max": 30
    },
    "biography": "And here is where I would write my backstory... IF I HAD ONE.",
    "attributes": {
      "level": {
        "value": 1
      }
    },
    "abilities": {
      "str": {
        "value": 2,
        "damage": 0,
        "current": 2
      },
      "dex": {
        "value": 0,
        "damage": 0,
        "current": 0
      },
      "int": {
        "value": -10,
        "damage": 0,
        "current": 0
      },
      "pre": {
        "value": -10,
        "damage": 0,
        "current": 0
      },
      "fgt": {
        "value": -1,
        "damage": 0,
        "current": -1
      },
      "agi": {
        "value": -1,
        "damage": 0,
        "current": -1
      },
      "awe": {
        "value": 0,
        "damage": 0,
        "current": 0
      },
      "sta": {
        "value": -10,
        "damage": 0,
        "current": 0
      }
    },
    "defenses": {
      "dodge": {
        "value": 0,
        "damage": 0,
        "modifier": "agi",
        "current": -1
      },
      "parry": {
        "value": 0,
        "damage": 0,
        "modifier": "fgt",
        "current": -1
      },
      "fort": {
        "value": 0,
        "damage": 0,
        "modifier": "sta",
        "current": 0
      },
      "will": {
        "value": 0,
        "damage": 0,
        "modifier": "awe",
        "current": 0
      },
      "toughness": {
        "value": 10,
        "damage": 0,
        "modifier": "sta",
        "current": 10
      }
    },
    "skills": {
      "acrobatics": {
        "rank": 0,
        "modifier": "agi",
        "spec": "",
        "current": -1
      },
      "athletics": {
        "rank": 0,
        "modifier": "str",
        "spec": "",
        "current": 2
      },
      "closecombat": {
        "rank": 5,
        "modifier": "fgt",
        "spec": "Punch",
        "current": 4
      },
      "deception": {
        "rank": 0,
        "modifier": "pre",
        "spec": "",
        "current": 0
      },
      "expertise": {
        "rank": 0,
        "modifier": "int",
        "spec": "",
        "current": 0
      },
      "insight": {
        "rank": 0,
        "modifier": "awe",
        "spec": "",
        "current": 0
      },
      "intimidation": {
        "rank": 0,
        "modifier": "pre",
        "spec": "",
        "current": 0
      },
      "investigation": {
        "rank": 0,
        "modifier": "int",
        "spec": "",
        "current": 0
      },
      "perception": {
        "rank": 0,
        "modifier": "awe",
        "spec": "",
        "current": 0
      },
      "persuasion": {
        "rank": 0,
        "modifier": "pre",
        "spec": "",
        "current": 0
      },
      "rangedCombat": {
        "rank": 7,
        "modifier": "dex",
        "spec": "Shoot",
        "current": 7
      },
      "sleightofhand": {
        "rank": 0,
        "modifier": "dex",
        "spec": "",
        "current": 0
      },
      "stealth": {
        "rank": 0,
        "modifier": "agi",
        "spec": "",
        "current": -1
      },
      "technology": {
        "rank": 0,
        "modifier": "int",
        "spec": "",
        "current": 0
      },
      "treatment": {
        "rank": 0,
        "modifier": "int",
        "spec": "",
        "current": 0
      },
      "vehicles": {
        "rank": 0,
        "modifier": "dex",
        "spec": "",
        "current": 0
      }
    },
    "PLWARNabilityskill": "None.",
    "eqpoints": {
      "value": 0,
      "min": 0,
      "max": 10
    },
    "HeroPoints": 0
  },
  "sort": 100001,
  "flags": {
    "exportSource": {
      "world": "testworld2",
      "system": "mnm",
      "coreVersion": "0.6.6",
      "systemVersion": "1.0.3"
    }
  },
  "img": "Pawns/Heroes/VIN/battle_droid.jpg",
  "token": {
    "flags": {},
    "name": "Battle Droid",
    "displayName": 30,
    "img": "Pawns/Heroes/VIN/battle_droid.jpg",
    "tint": "",
    "width": 1,
    "height": 1,
    "scale": 1,
    "mirrorX": false,
    "mirrorY": false,
    "lockRotation": false,
    "rotation": 0,
    "vision": false,
    "dimSight": 0,
    "brightSight": 0,
    "dimLight": 0,
    "brightLight": 0,
    "sightAngle": 360,
    "lightAngle": 360,
    "lightColor": "",
    "lightAlpha": 1,
    "actorId": "w3e17Kl7w4UxH19t",
    "actorLink": false,
    "actorData": {},
    "disposition": -1,
    "displayBars": 30,
    "bar1": {
      "attribute": "defenses.toughness.damage"
    },
    "bar2": {
      "attribute": ""
    },
    "randomImg": false
  },
  "items": [
    {
      "_id": "tovWMgZX1qctmx6s",
      "flags": {},
      "name": "Construct Traits",
      "type": "effect",
      "data": {
        "description": "<p>Immune to Fort and Will saves.</p>",
        "rank": 30,
        "basecpr": 1,
        "flatcost": 0
      },
      "sort": 100000,
      "img": "icons/svg/mystery-man.svg"
    },
    {
      "_id": "TVeLaw0nJ8KNl2ps",
      "flags": {},
      "name": "Lazer Wrists",
      "type": "effect",
      "data": {
        "description": "<p>Ranged (1PPR) Damage (1PPR) Multi-Attack(1PPR)</p>",
        "rank": 3,
        "basecpr": 3,
        "flatcost": 0
      },
      "sort": 200000,
      "img": "icons/svg/mystery-man.svg"
    },
    {
      "_id": "Le85k15z2GbS7uLF",
      "flags": {},
      "name": "New Effect",
      "type": "effect",
      "data": {
        "description": "<p>Impervious Toughness. Ignore attacks at or below 1/2 ranks</p>",
        "rank": 4,
        "basecpr": 1,
        "flatcost": 0
      },
      "sort": 300000,
      "img": "icons/svg/mystery-man.svg"
    },
    {
      "_id": "bYtJVfuM6G0gxQ2W",
      "flags": {},
      "name": "Interpose",
      "type": "advantage",
      "data": {
        "description": "<p>once per round using your reaction, place yourself between a ranged attack and the character origionally targeted. The attack targets you instead.</p>",
        "rank": 1
      },
      "sort": 400000,
      "img": "icons/svg/mystery-man.svg"
    }
  ]
}