{
  "_id": "7EGTi0F2q3ExdbsJ",
  "name": "Billy Bravado",
  "type": "character",
  "data": {
    "PLWARNabilityskill:": "",
    "PPSummary": "Abilities[18] Defenses[22] Skills[10] ",
    "powerlevel": 5,
    "powerpoints": {
      "value": 50,
      "min": 0,
      "max": 75
    },
    "biography": "And here is where I would write my backstory... IF I HAD ONE.",
    "attributes": {
      "level": {
        "value": 1
      }
    },
    "abilities": {
      "str": {
        "value": -1,
        "damage": 0,
        "current": -1
      },
      "dex": {
        "value": 3,
        "damage": 0,
        "current": 3
      },
      "int": {
        "value": 0,
        "damage": 0,
        "current": 0
      },
      "pre": {
        "value": 4,
        "damage": 0,
        "current": 4
      },
      "fgt": {
        "value": 1,
        "damage": 0,
        "current": 1
      },
      "agi": {
        "value": 2,
        "damage": 0,
        "current": 2
      },
      "awe": {
        "value": 0,
        "damage": 0,
        "current": 0
      },
      "sta": {
        "value": 0,
        "damage": 0,
        "current": 0
      }
    },
    "defenses": {
      "dodge": {
        "value": 6,
        "damage": 0,
        "modifier": "agi",
        "current": 8
      },
      "parry": {
        "value": 7,
        "damage": 0,
        "modifier": "fgt",
        "current": 8
      },
      "fort": {
        "value": 4,
        "damage": 0,
        "modifier": "sta",
        "current": 4
      },
      "will": {
        "value": 3,
        "damage": 0,
        "modifier": "awe",
        "current": 3
      },
      "toughness": {
        "value": 2,
        "damage": 0,
        "modifier": "sta",
        "current": 2
      }
    },
    "skills": {
      "acrobatics": {
        "rank": 4,
        "modifier": "agi",
        "spec": "",
        "current": 6
      },
      "athletics": {
        "rank": 1,
        "modifier": "str",
        "spec": "",
        "current": 0
      },
      "closecombat": {
        "rank": 2,
        "modifier": "fgt",
        "spec": "guns",
        "current": 3
      },
      "deception": {
        "rank": 0,
        "modifier": "pre",
        "spec": "",
        "current": 4
      },
      "expertise": {
        "rank": 0,
        "modifier": "int",
        "spec": "",
        "current": 0
      },
      "insight": {
        "rank": 0,
        "modifier": "awe",
        "spec": "",
        "current": 0
      },
      "intimidation": {
        "rank": 0,
        "modifier": "pre",
        "spec": "",
        "current": 4
      },
      "investigation": {
        "rank": 0,
        "modifier": "int",
        "spec": "",
        "current": 0
      },
      "perception": {
        "rank": 2,
        "modifier": "awe",
        "spec": "",
        "current": 2
      },
      "persuasion": {
        "rank": 6,
        "modifier": "pre",
        "spec": "",
        "current": 10
      },
      "rangedCombat": {
        "rank": 4,
        "modifier": "dex",
        "spec": "guns",
        "current": 7
      },
      "sleightofhand": {
        "rank": 0,
        "modifier": "dex",
        "spec": "",
        "current": 3
      },
      "stealth": {
        "rank": 1,
        "modifier": "agi",
        "spec": "",
        "current": 3
      },
      "technology": {
        "rank": 0,
        "modifier": "int",
        "spec": "",
        "current": 0
      },
      "treatment": {
        "rank": 0,
        "modifier": "int",
        "spec": "",
        "current": 0
      },
      "vehicles": {
        "rank": 0,
        "modifier": "dex",
        "spec": "",
        "current": 3
      }
    },
    "eqpoints": {
      "value": 0,
      "max": 25
    },
    "PLWARNabilityskill": "None.",
    "HeroPoints": 0
  },
  "sort": 100001,
  "flags": {
    "exportSource": {
      "world": "testworld2",
      "system": "mnm",
      "coreVersion": "0.6.6",
      "systemVersion": "1.0.3"
    }
  },
  "img": "Pawns/Heroes/TheFacebookMemelord.jpg",
  "token": {
    "flags": {},
    "name": "Billy Bravado",
    "displayName": 30,
    "img": "Pawns/Heroes/TheFacebookMemelord.jpg",
    "tint": "",
    "width": 1,
    "height": 1,
    "scale": 1,
    "mirrorX": false,
    "mirrorY": false,
    "lockRotation": false,
    "rotation": 0,
    "vision": true,
    "dimSight": 0,
    "brightSight": 0,
    "dimLight": 0,
    "brightLight": 0,
    "sightAngle": 360,
    "lightAngle": 360,
    "lightColor": "",
    "lightAlpha": 1,
    "actorId": "7EGTi0F2q3ExdbsJ",
    "actorLink": false,
    "actorData": {},
    "disposition": -1,
    "displayBars": 0,
    "bar1": {
      "attribute": "defenses.toughness.damage"
    },
    "bar2": {
      "attribute": ""
    },
    "randomImg": false
  },
  "items": [
    {
      "_id": "4GvqDcWRY4lhN2CL",
      "flags": {},
      "name": "Not the Face",
      "type": "effect",
      "data": {
        "description": "",
        "rank": 3,
        "basecpr": 1,
        "flatcost": 0
      },
      "sort": -250000,
      "img": "icons/svg/mystery-man.svg"
    },
    {
      "_id": "oZs8w3nMHumUdHY9",
      "flags": {},
      "name": "Defensive Roll [2]",
      "type": "advantage",
      "data": {
        "description": "<p>Active toughness. I put rank as 0 because I manually added it into toughness.</p>",
        "rank": 0
      },
      "sort": 200000,
      "img": "icons/svg/mystery-man.svg"
    },
    {
      "_id": "Q39TzMRSyAWdQv5v",
      "flags": {},
      "name": "Attractive",
      "type": "advantage",
      "data": {
        "description": "",
        "rank": 1
      },
      "sort": 300000,
      "img": "icons/svg/mystery-man.svg"
    },
    {
      "_id": "eron6FAVQLXNpO8K",
      "flags": {},
      "name": "Move by Action",
      "type": "advantage",
      "data": {
        "description": "",
        "rank": 1
      },
      "sort": 350000,
      "img": "icons/svg/mystery-man.svg"
    },
    {
      "_id": "LBhFvXkSFQK9Qo5D",
      "flags": {},
      "name": "Evasion",
      "type": "advantage",
      "data": {
        "description": "",
        "rank": 1
      },
      "sort": 400000,
      "img": "icons/svg/mystery-man.svg"
    },
    {
      "_id": "rdsGtAfGsaT8QM8V",
      "flags": {},
      "name": "Connected",
      "type": "advantage",
      "data": {
        "description": "<p>Social Media Team</p>\n<p>Social Media Manager</p>\n<p>Lawyer</p>\n<p>Artists</p>\n<p>Musician</p>",
        "rank": 1
      },
      "sort": 600000,
      "img": "icons/svg/mystery-man.svg"
    },
    {
      "_id": "VhRuwM9KGwpUUpS6",
      "flags": {},
      "name": "Instant Up",
      "type": "advantage",
      "data": {
        "description": "",
        "rank": 1
      },
      "sort": 700000,
      "img": "icons/svg/mystery-man.svg"
    },
    {
      "_id": "xdHnwyRHOrBP7smN",
      "flags": {},
      "name": "Equipment 5",
      "type": "advantage",
      "data": {
        "description": "<p>25 Equipment points</p>",
        "rank": 5
      },
      "sort": 800000,
      "img": "icons/svg/mystery-man.svg"
    },
    {
      "_id": "NUeH2O9w3hYuJ8h6",
      "flags": {},
      "name": "Stance: Bullet Ballet",
      "type": "effect",
      "data": {
        "description": "<p>Area 30, damage rank is weapon held.</p>",
        "rank": 0,
        "basecpr": 0,
        "flatcost": 1
      },
      "sort": 662500,
      "img": "icons/svg/mystery-man.svg"
    },
    {
      "_id": "0wwFg5hBgT7fcT4r",
      "flags": {},
      "name": "Stance: Lightgun",
      "type": "effect",
      "data": {
        "description": "",
        "rank": 0,
        "basecpr": 0,
        "flatcost": 1
      },
      "sort": 1000000,
      "img": "icons/svg/mystery-man.svg"
    },
    {
      "_id": "x1gm3blmOkVL2h9t",
      "flags": {},
      "name": "Stance: Gun-Fu",
      "type": "effect",
      "data": {
        "description": "",
        "rank": 0,
        "basecpr": 0,
        "flatcost": 1
      },
      "sort": 950000,
      "img": "icons/svg/mystery-man.svg"
    },
    {
      "_id": "OlIuoBwNqJeWRZPf",
      "flags": {},
      "name": "Ricochet Shot",
      "type": "effect",
      "data": {
        "description": "<p>Bounce a bullet twice.</p>",
        "rank": 0,
        "basecpr": 0,
        "flatcost": 2
      },
      "sort": -400000,
      "img": "icons/svg/mystery-man.svg"
    },
    {
      "_id": "BhUm9Px1Qam8zh1b",
      "flags": {},
      "name": "Float like a butterfly...",
      "type": "effect",
      "data": {
        "description": "<p>Move 15 ft. when an enemy misses a melee attack.</p>",
        "rank": 1,
        "basecpr": 3,
        "flatcost": 0
      },
      "sort": -500000,
      "img": "icons/svg/mystery-man.svg"
    },
    {
      "_id": "3poS1wcdB7grgI2f",
      "flags": {},
      "name": "Stances Array",
      "type": "effect",
      "data": {
        "description": "<p>Switch equal-cost in equipment (2)</p>\n<p>&nbsp;</p>",
        "rank": 0,
        "basecpr": 0,
        "flatcost": 2
      },
      "sort": 375000,
      "img": "icons/svg/mystery-man.svg"
    },
    {
      "_id": "B9n5Y9f2qXcAJu8g",
      "flags": {},
      "name": "...Sting like a bee",
      "type": "effect",
      "data": {
        "description": "",
        "rank": 0,
        "basecpr": 0,
        "flatcost": 0
      },
      "sort": 1100000,
      "img": "icons/svg/mystery-man.svg"
    },
    {
      "_id": "VfLUsQnf0lxoCiB4",
      "flags": {},
      "name": "Wealthy 2",
      "type": "advantage",
      "data": {
        "description": "",
        "rank": 2
      },
      "sort": 1200000,
      "img": "icons/svg/mystery-man.svg"
    },
    {
      "_id": "ecmrG9jolORAxfKY",
      "flags": {},
      "name": "New Equipment",
      "type": "equipment",
      "data": {
        "description": "",
        "rank": 0,
        "basecpr": 0,
        "flatcost": 0
      },
      "sort": 1300000,
      "img": "icons/svg/mystery-man.svg"
    },
    {
      "_id": "GB4TZpsJgMZ6iI1O",
      "flags": {},
      "name": "New Equipment",
      "type": "equipment",
      "data": {
        "description": "",
        "rank": 0,
        "basecpr": 0,
        "flatcost": 0
      },
      "sort": 1400000,
      "img": "icons/svg/mystery-man.svg"
    },
    {
      "_id": "c65wSFCryTuKTImB",
      "flags": {},
      "name": "New Equipment",
      "type": "equipment",
      "data": {
        "description": "",
        "rank": 0,
        "basecpr": 0,
        "flatcost": 0
      },
      "sort": 1500000,
      "img": "icons/svg/mystery-man.svg"
    },
    {
      "_id": "10914OThWh1c7y2W",
      "flags": {},
      "name": "New Equipment",
      "type": "equipment",
      "data": {
        "description": "",
        "rank": 0,
        "basecpr": 0,
        "flatcost": 0
      },
      "sort": 1600000,
      "img": "icons/svg/mystery-man.svg"
    },
    {
      "_id": "MyPwPPnKxsUBwWKU",
      "flags": {},
      "name": "Wrist Computer with Video Recorder",
      "type": "equipmenteffect",
      "data": {
        "description": "",
        "rank": 0,
        "basecpr": 0,
        "flatcost": 2
      },
      "sort": 1700000,
      "img": "icons/svg/mystery-man.svg"
    },
    {
      "_id": "JPkF9P9AYGcXYTTH",
      "flags": {},
      "name": "Space Machine Pistol",
      "type": "equipmenteffect",
      "data": {
        "description": "<p>Ranged (1/rank)</p>\n<p>Multiattack (1/rank)</p>\n<p>Damage (1/rank)</p>",
        "rank": 3,
        "basecpr": 3,
        "flatcost": 0
      },
      "sort": 1800000,
      "img": "icons/svg/mystery-man.svg"
    },
    {
      "_id": "3DGMj0w7dawgvKaA",
      "flags": {},
      "name": "Magnetic Magnum",
      "type": "equipmenteffect",
      "data": {
        "description": "<p>Ranged (1/rank)</p>\n<p>Damage (1/rank)</p>",
        "rank": 4,
        "basecpr": 2,
        "flatcost": 0
      },
      "sort": 1900000,
      "img": "icons/svg/mystery-man.svg"
    },
    {
      "_id": "hKBGjKZw5MK76nin",
      "flags": {},
      "name": "Slick Spacesuit w/ Visor",
      "type": "equipmenteffect",
      "data": {
        "description": "<p>Immunity to Space/Vacuum</p>\n<p>Ability to breath</p>",
        "rank": 0,
        "basecpr": 0,
        "flatcost": 2
      },
      "sort": 2000000,
      "img": "icons/svg/mystery-man.svg"
    },
    {
      "_id": "ak2ry5RsOIpKAb8s",
      "flags": {},
      "name": "Energy Tether",
      "type": "equipmenteffect",
      "data": {
        "description": "<p>Movement Swinging (2/rank)</p>\n<p>60 ft.</p>",
        "rank": 2,
        "basecpr": 2,
        "flatcost": 0
      },
      "sort": 2100000,
      "img": "icons/svg/mystery-man.svg"
    }
  ]
}